sis_habilitado,abril_credito,abril_debito,abril_saldo,actual_credito,actual_debito,actual_saldo,agosto_credito,agosto_debito,agosto_saldo,anterior_credito,anterior_debito,anterior_saldo,diciembre_credito,diciembre_debito,diciembre_saldo,enero_credito,enero_debito,enero_saldo,febrero_credito,febrero_debito,febrero_saldo,julio_credito,julio_debito,julio_saldo,junio_credito,junio_debito,junio_saldo,marzo_credito,marzo_debito,marzo_saldo,mayo_credito,mayo_debito,mayo_saldo,movimiento,nivel,identificador,codigo_cuenta_contable,nombre,id_cuenta_contable,tipo_cuenta,noviembre_credito,noviembre_debito,noviembre_saldo,octubre_credito,octubre_debito,octubre_saldo,septiembre_credito,septiembre_debito,septiembre_saldo,id_periodo_contable
A,2000,,2000,2000,,2000,200,,200,,,,2000,,2000,2000,,2000,2000,,2000,2000,,2000,2000,,2000,2000,,2000,2000,,2000,M,1,1,1,ACTIVO,,D,2000,,2000,2000,,2000,2000,,2000,1
A,2000,,2000,2001,,2001,201,,201,,,,2000,,2000,2000,,2000,2000,,2000,2000,,2000,2000,,2000,2000,,2000,2000,,2000,M,1,11,11,ACTIVO CORRIENTE,1,D,2000,,2000,2000,,2000,2000,,2000,1
A,2000,,2000,2002,,2002,202,,202,,,,2000,,2000,2000,,2000,2000,,2000,2000,,2000,2000,,2000,2000,,2000,2000,,2000,M,1,111,111,EFECTIVO Y SUS EQUIVALENTES,11,D,2000,,2000,2000,,2000,2000,,2000,1
A,2000,,2000,2003,,2003,203,,203,,,,2000,,2000,2000,,2000,2000,,2000,2000,,2000,2000,,2000,2000,,2000,2000,,2000,M,1,11101,11101,CAJA,111,D,2000,,2000,2000,,2000,2000,,2000,1
A,2000,,2000,2004,,2004,204,,204,,,,2000,,2000,2000,,2000,2000,,2000,2000,,2000,2000,,2000,2000,,2000,2000,,2000,M,1,1110101,1110101,Caja General,11101,D,2000,,2000,2000,,2000,2000,,2000,1
A,2000,,2000,2005,,2005,205,,205,,,,2000,,2000,2000,,2000,2000,,2000,2000,,2000,2000,,2000,2000,,2000,2000,,2000,M,1,1110102,1110102,Caja Chica,11101,D,2000,,2000,2000,,2000,2000,,2000,1
A,2000,,2000,2006,,2006,206,,206,,,,2000,,2000,2000,,2000,2000,,2000,2000,,2000,2000,,2000,2000,,2000,2000,,2000,M,1,11201,11201,BANCOS NACIONALES,11,D,2000,,2000,2000,,2000,2000,,2000,1
A,2000,,2000,2007,,2007,207,,207,,,,2000,,2000,2000,,2000,2000,,2000,2000,,2000,2000,,2000,2000,,2000,2000,,2000,M,1,1120101,1120101,Pichincha,11201,D,2000,,2000,2000,,2000,2000,,2000,1
A,2000,,2000,2008,,2008,208,,208,,,,2000,,2000,2000,,2000,2000,,2000,2000,,2000,2000,,2000,2000,,2000,2000,,2000,M,1,1120102,1120102,Produbanco,11201,D,2000,,2000,2000,,2000,2000,,2000,1
A,2000,,2000,2009,,2009,209,,209,,,,2000,,2000,2000,,2000,2000,,2000,2000,,2000,2000,,2000,2000,,2000,2000,,2000,M,1,114,114,CUENTAS Y DOCUMENTOS POR COBRAR,11,D,2000,,2000,2000,,2000,2000,,2000,1
A,2000,,2000,2010,,2010,210,,210,,,,2000,,2000,2000,,2000,2000,,2000,2000,,2000,2000,,2000,2000,,2000,2000,,2000,M,1,11401,11401,CLIENTES,114,D,2000,,2000,2000,,2000,2000,,2000,1
A,2000,,2000,2011,,2011,211,,211,,,,2000,,2000,2000,,2000,2000,,2000,2000,,2000,2000,,2000,2000,,2000,2000,,2000,M,1,1140101,1140101,Clientes Nacionales,11401,D,2000,,2000,2000,,2000,2000,,2000,1
A,2000,,2000,2012,,2012,212,,212,,,,2000,,2000,2000,,2000,2000,,2000,2000,,2000,2000,,2000,2000,,2000,2000,,2000,M,1,1140102,1140102,Clientes del Exterior,11401,D,2000,,2000,2000,,2000,2000,,2000,1
A,2000,,2000,2013,,2013,213,,213,,,,2000,,2000,2000,,2000,2000,,2000,2000,,2000,2000,,2000,2000,,2000,2000,,2000,M,1,1140109,1140109,Provisión Cuentas Incobrables,11401,D,2000,,2000,2000,,2000,2000,,2000,1
A,2000,,2000,2014,,2014,214,,214,,,,2000,,2000,2000,,2000,2000,,2000,2000,,2000,2000,,2000,2000,,2000,2000,,2000,M,1,11404,11404,CUENTAS POR COBRAR SOCIOS,114,D,2000,,2000,2000,,2000,2000,,2000,1
A,2000,,2000,2015,,2015,215,,215,,,,2000,,2000,2000,,2000,2000,,2000,2000,,2000,2000,,2000,2000,,2000,2000,,2000,M,1,1140401,1140401,Socios y Accionistas,11404,D,2000,,2000,2000,,2000,2000,,2000,1
A,2000,,2000,2016,,2016,216,,216,,,,2000,,2000,2000,,2000,2000,,2000,2000,,2000,2000,,2000,2000,,2000,2000,,2000,M,1,11405,11405,CUENTAS POR COBRAR EMPLEADOS,114,D,2000,,2000,2000,,2000,2000,,2000,1
A,2000,,2000,2017,,2017,217,,217,,,,2000,,2000,2000,,2000,2000,,2000,2000,,2000,2000,,2000,2000,,2000,2000,,2000,M,1,1140501,1140501,Anticipos Empleados,11405,D,2000,,2000,2000,,2000,2000,,2000,1
A,2000,,2000,2018,,2018,218,,218,,,,2000,,2000,2000,,2000,2000,,2000,2000,,2000,2000,,2000,2000,,2000,2000,,2000,M,1,1140502,1140502,Prestamos Empleados,11405,D,2000,,2000,2000,,2000,2000,,2000,1
A,2000,,2000,2019,,2019,219,,219,,,,2000,,2000,2000,,2000,2000,,2000,2000,,2000,2000,,2000,2000,,2000,2000,,2000,M,1,1140503,1140503,Anticipos Gastos de Viaje,11405,D,2000,,2000,2000,,2000,2000,,2000,1
A,2000,,2000,2020,,2020,220,,220,,,,2000,,2000,2000,,2000,2000,,2000,2000,,2000,2000,,2000,2000,,2000,2000,,2000,M,1,11406,11406,OTRAS CUENTAS POR COBRAR,114,D,2000,,2000,2000,,2000,2000,,2000,1
A,2000,,2000,2021,,2021,221,,221,,,,2000,,2000,2000,,2000,2000,,2000,2000,,2000,2000,,2000,2000,,2000,2000,,2000,M,1,1140601,1140601,Cuentas por cobrar Relacionadas,11406,D,2000,,2000,2000,,2000,2000,,2000,1
A,2000,,2000,2022,,2022,222,,222,,,,2000,,2000,2000,,2000,2000,,2000,2000,,2000,2000,,2000,2000,,2000,2000,,2000,M,1,1140602,1140602,Cuentas por Cobrar  no Relacionadas ,11406,D,2000,,2000,2000,,2000,2000,,2000,1
A,2000,,2000,2023,,2023,223,,223,,,,2000,,2000,2000,,2000,2000,,2000,2000,,2000,2000,,2000,2000,,2000,2000,,2000,M,1,11407,11407,ANTICIPOS PROVEEDORES,114,D,2000,,2000,2000,,2000,2000,,2000,1
A,2000,,2000,2024,,2024,224,,224,,,,2000,,2000,2000,,2000,2000,,2000,2000,,2000,2000,,2000,2000,,2000,2000,,2000,M,1,1140701,1140701,Anticipo Proveedores Locales,11407,D,2000,,2000,2000,,2000,2000,,2000,1
A,2000,,2000,2025,,2025,225,,225,,,,2000,,2000,2000,,2000,2000,,2000,2000,,2000,2000,,2000,2000,,2000,2000,,2000,M,1,1140709,1140709,Anticipo ProveedoresExterior,11407,D,2000,,2000,2000,,2000,2000,,2000,1
A,2000,,2000,2026,,2026,226,,226,,,,2000,,2000,2000,,2000,2000,,2000,2000,,2000,2000,,2000,2000,,2000,2000,,2000,M,1,11408,11408,GARANTIAS,114,D,2000,,2000,2000,,2000,2000,,2000,1
A,2000,,2000,2027,,2027,227,,227,,,,2000,,2000,2000,,2000,2000,,2000,2000,,2000,2000,,2000,2000,,2000,2000,,2000,M,1,1140801,1140801,Garantia por Arrendamientos Oficina,11408,D,2000,,2000,2000,,2000,2000,,2000,1
A,2000,,2000,2028,,2028,228,,228,,,,2000,,2000,2000,,2000,2000,,2000,2000,,2000,2000,,2000,2000,,2000,2000,,2000,M,1,11420,11420,IMPUESTOS ANTICIPADOS,114,D,2000,,2000,2000,,2000,2000,,2000,1
A,2000,,2000,2029,,2029,229,,229,,,,2000,,2000,2000,,2000,2000,,2000,2000,,2000,2000,,2000,2000,,2000,2000,,2000,M,1,1142001,1142001,Retenciones en la Fuente año vigente,11420,D,2000,,2000,2000,,2000,2000,,2000,1
A,2000,,2000,2030,,2030,230,,230,,,,2000,,2000,2000,,2000,2000,,2000,2000,,2000,2000,,2000,2000,,2000,2000,,2000,M,1,1142002,1142002,Retenciones en la Fuente años anteriores,11420,D,2000,,2000,2000,,2000,2000,,2000,1
A,2000,,2000,2031,,2031,231,,231,,,,2000,,2000,2000,,2000,2000,,2000,2000,,2000,2000,,2000,2000,,2000,2000,,2000,M,1,1142004,1142004,IVA en Compras,11420,D,2000,,2000,2000,,2000,2000,,2000,1
A,2000,,2000,2032,,2032,232,,232,,,,2000,,2000,2000,,2000,2000,,2000,2000,,2000,2000,,2000,2000,,2000,2000,,2000,M,1,1142005,1142005,Retenciones de IVA,11420,D,2000,,2000,2000,,2000,2000,,2000,1
A,2000,,2000,2033,,2033,233,,233,,,,2000,,2000,2000,,2000,2000,,2000,2000,,2000,2000,,2000,2000,,2000,2000,,2000,M,1,1142009,1142009,Anticipo Impuesto a la Renta,11420,D,2000,,2000,2000,,2000,2000,,2000,1
A,2000,,2000,2034,,2034,234,,234,,,,2000,,2000,2000,,2000,2000,,2000,2000,,2000,2000,,2000,2000,,2000,2000,,2000,M,1,1142011,1142011,Credito Tributario en Compras,11420,D,2000,,2000,2000,,2000,2000,,2000,1
A,2000,,2000,2035,,2035,235,,235,,,,2000,,2000,2000,,2000,2000,,2000,2000,,2000,2000,,2000,2000,,2000,2000,,2000,M,1,1142012,1142012,Credito Tributario Retención de IVA,11420,D,2000,,2000,2000,,2000,2000,,2000,1
A,2000,,2000,2036,,2036,236,,236,,,,2000,,2000,2000,,2000,2000,,2000,2000,,2000,2000,,2000,2000,,2000,2000,,2000,M,1,116,116,GASTOS ANTICIPADOS,11,D,2000,,2000,2000,,2000,2000,,2000,1
A,2000,,2000,2037,,2037,237,,237,,,,2000,,2000,2000,,2000,2000,,2000,2000,,2000,2000,,2000,2000,,2000,2000,,2000,M,1,1160101,1160101,Arriendos Anticipados,11601,D,2000,,2000,2000,,2000,2000,,2000,1
A,2000,,2000,2038,,2038,238,,238,,,,2000,,2000,2000,,2000,2000,,2000,2000,,2000,2000,,2000,2000,,2000,2000,,2000,M,1,117,117,OTROS ACTIVOS CORRIENTES,11,D,2000,,2000,2000,,2000,2000,,2000,1
A,2000,,2000,2039,,2039,239,,239,,,,2000,,2000,2000,,2000,2000,,2000,2000,,2000,2000,,2000,2000,,2000,2000,,2000,M,1,1170101,1170101,Otros Activos Corrientes,11701,D,2000,,2000,2000,,2000,2000,,2000,1
A,2000,,2000,2040,,2040,240,,240,,,,2000,,2000,2000,,2000,2000,,2000,2000,,2000,2000,,2000,2000,,2000,2000,,2000,M,1,12,12,ACTIVOS NO CORRIENTES,1,D,2000,,2000,2000,,2000,2000,,2000,1
A,2000,,2000,2041,,2041,241,,241,,,,2000,,2000,2000,,2000,2000,,2000,2000,,2000,2000,,2000,2000,,2000,2000,,2000,M,1,122,122,PROPIEDAD PLANTA Y EQUIPO,12,D,2000,,2000,2000,,2000,2000,,2000,1
A,2000,,2000,2042,,2042,242,,242,,,,2000,,2000,2000,,2000,2000,,2000,2000,,2000,2000,,2000,2000,,2000,2000,,2000,M,1,12201,12201,ACTIVOS FIJO,122,D,2000,,2000,2000,,2000,2000,,2000,1
A,2000,,2000,2043,,2043,243,,243,,,,2000,,2000,2000,,2000,2000,,2000,2000,,2000,2000,,2000,2000,,2000,2000,,2000,M,1,1220102,1220102,Muebles y Enseres de Oficina,12201,D,2000,,2000,2000,,2000,2000,,2000,1
A,2000,,2000,2044,,2044,244,,244,,,,2000,,2000,2000,,2000,2000,,2000,2000,,2000,2000,,2000,2000,,2000,2000,,2000,M,1,1220103,1220103,Equipos de Computación y Software,12201,D,2000,,2000,2000,,2000,2000,,2000,1
A,2000,,2000,2045,,2045,245,,245,,,,2000,,2000,2000,,2000,2000,,2000,2000,,2000,2000,,2000,2000,,2000,2000,,2000,M,1,1220106,1220106,Vehículos,12201,D,2000,,2000,2000,,2000,2000,,2000,1
A,2000,,2000,2046,,2046,246,,246,,,,2000,,2000,2000,,2000,2000,,2000,2000,,2000,2000,,2000,2000,,2000,2000,,2000,M,1,12202,12202,DEPRECIACION ACUMULADA ACTIVOS,122,D,2000,,2000,2000,,2000,2000,,2000,1
A,2000,,2000,2047,,2047,247,,247,,,,2000,,2000,2000,,2000,2000,,2000,2000,,2000,2000,,2000,2000,,2000,2000,,2000,M,1,1220202,1220202,Dep. Acum. Muebles y Enseres,12202,D,2000,,2000,2000,,2000,2000,,2000,1
A,2000,,2000,2048,,2048,248,,248,,,,2000,,2000,2000,,2000,2000,,2000,2000,,2000,2000,,2000,2000,,2000,2000,,2000,M,1,1220203,1220203,Dep. Acum. Eq. Computación y Software,12202,D,2000,,2000,2000,,2000,2000,,2000,1
A,2000,,2000,2049,,2049,249,,249,,,,2000,,2000,2000,,2000,2000,,2000,2000,,2000,2000,,2000,2000,,2000,2000,,2000,M,1,1220206,1220206,Dep. Acum. Vehículos,12202,D,2000,,2000,2000,,2000,2000,,2000,1
A,2000,,2000,2050,,2050,250,,250,,,,2000,,2000,2000,,2000,2000,,2000,2000,,2000,2000,,2000,2000,,2000,2000,,2000,M,1,123,123,ACTIVOS FIJOS INTANGIBLES,12,D,2000,,2000,2000,,2000,2000,,2000,1
A,2000,,2000,2051,,2051,251,,251,,,,2000,,2000,2000,,2000,2000,,2000,2000,,2000,2000,,2000,2000,,2000,2000,,2000,M,1,1230101,1230101,Software Contable,12301,D,2000,,2000,2000,,2000,2000,,2000,1
A,2000,,2000,2052,,2052,252,,252,,,,2000,,2000,2000,,2000,2000,,2000,2000,,2000,2000,,2000,2000,,2000,2000,,2000,M,1,2,2,PASIVO,,A,2000,,2000,2000,,2000,2000,,2000,1
A,2000,,2000,2053,,2053,253,,253,,,,2000,,2000,2000,,2000,2000,,2000,2000,,2000,2000,,2000,2000,,2000,2000,,2000,M,1,21,21,PASIVO CORRIENTE,2,A,2000,,2000,2000,,2000,2000,,2000,1
A,2000,,2000,2054,,2054,254,,254,,,,2000,,2000,2000,,2000,2000,,2000,2000,,2000,2000,,2000,2000,,2000,2000,,2000,M,1,211,211,CUENTAS Y DOCUMENTOS POR PAGAR,21,A,2000,,2000,2000,,2000,2000,,2000,1
A,2000,,2000,2055,,2055,255,,255,,,,2000,,2000,2000,,2000,2000,,2000,2000,,2000,2000,,2000,2000,,2000,2000,,2000,M,1,21101,21101,OBLIGACIONES CON SUSCRIPTORES,211,A,2000,,2000,2000,,2000,2000,,2000,1
A,2000,,2000,2056,,2056,256,,256,,,,2000,,2000,2000,,2000,2000,,2000,2000,,2000,2000,,2000,2000,,2000,2000,,2000,M,1,2110101,2110101,SUSCRIPTORES NO ADJUDICADOS,21101,A,2000,,2000,2000,,2000,2000,,2000,1
A,2000,,2000,2057,,2057,257,,257,,,,2000,,2000,2000,,2000,2000,,2000,2000,,2000,2000,,2000,2000,,2000,2000,,2000,M,1,211010101,211010101,No Adjudicados Plan Vehículos,2110101,A,2000,,2000,2000,,2000,2000,,2000,1
A,2000,,2000,2058,,2058,258,,258,,,,2000,,2000,2000,,2000,2000,,2000,2000,,2000,2000,,2000,2000,,2000,2000,,2000,M,1,211010102,211010102,No Adjudicados Plan Ecuador,2110101,A,2000,,2000,2000,,2000,2000,,2000,1
A,2000,,2000,2059,,2059,259,,259,,,,2000,,2000,2000,,2000,2000,,2000,2000,,2000,2000,,2000,2000,,2000,2000,,2000,M,1,211010103,211010103,No Adjudicados Plan Motos,2110101,A,2000,,2000,2000,,2000,2000,,2000,1
A,2000,,2000,2060,,2060,260,,260,,,,2000,,2000,2000,,2000,2000,,2000,2000,,2000,2000,,2000,2000,,2000,2000,,2000,M,1,211010104,211010104,Suscriptores Rechazados,2110101,A,2000,,2000,2000,,2000,2000,,2000,1
A,2000,,2000,2061,,2061,261,,261,,,,2000,,2000,2000,,2000,2000,,2000,2000,,2000,2000,,2000,2000,,2000,2000,,2000,M,1,2110102,2110102,SUSCRIPTORES ADJUDICADOS,21101,A,2000,,2000,2000,,2000,2000,,2000,1
A,2000,,2000,2062,,2062,262,,262,,,,2000,,2000,2000,,2000,2000,,2000,2000,,2000,2000,,2000,2000,,2000,2000,,2000,M,1,211010201,211010201,Adjudicados Plan Vehículos,2110102,A,2000,,2000,2000,,2000,2000,,2000,1
A,2000,,2000,2063,,2063,263,,263,,,,2000,,2000,2000,,2000,2000,,2000,2000,,2000,2000,,2000,2000,,2000,2000,,2000,M,1,211010202,211010202,Adjudicados Plan Ecuador,2110102,A,2000,,2000,2000,,2000,2000,,2000,1
A,2000,,2000,2064,,2064,264,,264,,,,2000,,2000,2000,,2000,2000,,2000,2000,,2000,2000,,2000,2000,,2000,2000,,2000,M,1,211010203,211010203,Adjudicados Plan Motos,2110102,A,2000,,2000,2000,,2000,2000,,2000,1
A,2000,,2000,2065,,2065,265,,265,,,,2000,,2000,2000,,2000,2000,,2000,2000,,2000,2000,,2000,2000,,2000,2000,,2000,M,1,2110103,2110103,DEVOLUCIONES ANTICIPADAS SUSCRIPTORES,21101,A,2000,,2000,2000,,2000,2000,,2000,1
A,2000,,2000,2066,,2066,266,,266,,,,2000,,2000,2000,,2000,2000,,2000,2000,,2000,2000,,2000,2000,,2000,2000,,2000,M,1,211010301,211010301,Devolucion Anticipada Plan Vehiculos,2110103,A,2000,,2000,2000,,2000,2000,,2000,1
A,2000,,2000,2067,,2067,267,,267,,,,2000,,2000,2000,,2000,2000,,2000,2000,,2000,2000,,2000,2000,,2000,2000,,2000,M,1,211010302,211010302,Devolucion Anticipada Plan Ecuador,2110103,A,2000,,2000,2000,,2000,2000,,2000,1
A,2000,,2000,2068,,2068,268,,268,,,,2000,,2000,2000,,2000,2000,,2000,2000,,2000,2000,,2000,2000,,2000,2000,,2000,M,1,211010303,211010303,Devolucion Anticipada Plan Motos,2110103,A,2000,,2000,2000,,2000,2000,,2000,1
A,2000,,2000,2069,,2069,269,,269,,,,2000,,2000,2000,,2000,2000,,2000,2000,,2000,2000,,2000,2000,,2000,2000,,2000,M,1,211010304,211010304,Devolucion de Ofertas,2110103,A,2000,,2000,2000,,2000,2000,,2000,1
A,2000,,2000,2070,,2070,270,,270,,,,2000,,2000,2000,,2000,2000,,2000,2000,,2000,2000,,2000,2000,,2000,2000,,2000,M,1,2110104,2110104,BIENES POR ENTREGAR,21101,A,2000,,2000,2000,,2000,2000,,2000,1
A,2000,,2000,2071,,2071,271,,271,,,,2000,,2000,2000,,2000,2000,,2000,2000,,2000,2000,,2000,2000,,2000,2000,,2000,M,1,211010401,211010401,Bienes por Entregar Plan Vehiculos,2110104,A,2000,,2000,2000,,2000,2000,,2000,1
A,2000,,2000,2072,,2072,272,,272,,,,2000,,2000,2000,,2000,2000,,2000,2000,,2000,2000,,2000,2000,,2000,2000,,2000,M,1,211010402,211010402,Bienes por Entregar Plan Ecuador,2110104,A,2000,,2000,2000,,2000,2000,,2000,1
A,2000,,2000,2073,,2073,273,,273,,,,2000,,2000,2000,,2000,2000,,2000,2000,,2000,2000,,2000,2000,,2000,2000,,2000,M,1,211010403,211010403,Bienes por Entregar Plan Motos,2110104,A,2000,,2000,2000,,2000,2000,,2000,1
A,2000,,2000,2074,,2074,274,,274,,,,2000,,2000,2000,,2000,2000,,2000,2000,,2000,2000,,2000,2000,,2000,2000,,2000,M,1,211010404,211010404,Flota Vehículos para suscriptores por adjudicar,2110104,A,2000,,2000,2000,,2000,2000,,2000,1
A,2000,,2000,2075,,2075,275,,275,,,,2000,,2000,2000,,2000,2000,,2000,2000,,2000,2000,,2000,2000,,2000,2000,,2000,M,1,2110105,2110105,RASTREO Y DISPOSITIVOS,21101,A,2000,,2000,2000,,2000,2000,,2000,1
A,2000,,2000,2076,,2076,276,,276,,,,2000,,2000,2000,,2000,2000,,2000,2000,,2000,2000,,2000,2000,,2000,2000,,2000,M,1,211010501,211010501,Rastreo y Dispositivo Clientes Adjudicados,2110105,A,2000,,2000,2000,,2000,2000,,2000,1
A,2000,,2000,2077,,2077,277,,277,,,,2000,,2000,2000,,2000,2000,,2000,2000,,2000,2000,,2000,2000,,2000,2000,,2000,M,1,21102,21102,PROVEEDORES,211,A,2000,,2000,2000,,2000,2000,,2000,1
A,2000,,2000,2078,,2078,278,,278,,,,2000,,2000,2000,,2000,2000,,2000,2000,,2000,2000,,2000,2000,,2000,2000,,2000,M,1,2110201,2110201,Proveedores Nacionales,21102,A,2000,,2000,2000,,2000,2000,,2000,1
A,2000,,2000,2079,,2079,279,,279,,,,2000,,2000,2000,,2000,2000,,2000,2000,,2000,2000,,2000,2000,,2000,2000,,2000,M,1,2110202,2110202,Proveedores del Exterior,21102,A,2000,,2000,2000,,2000,2000,,2000,1
A,2000,,2000,2080,,2080,280,,280,,,,2000,,2000,2000,,2000,2000,,2000,2000,,2000,2000,,2000,2000,,2000,2000,,2000,M,1,2110203,2110203,Anticipos Clientes,21102,A,2000,,2000,2000,,2000,2000,,2000,1
A,2000,,2000,2081,,2081,281,,281,,,,2000,,2000,2000,,2000,2000,,2000,2000,,2000,2000,,2000,2000,,2000,2000,,2000,M,1,21103,21103,OTRAS CUENTAS POR PAGAR,211,A,2000,,2000,2000,,2000,2000,,2000,1
A,2000,,2000,2082,,2082,282,,282,,,,2000,,2000,2000,,2000,2000,,2000,2000,,2000,2000,,2000,2000,,2000,2000,,2000,M,1,2110301,2110301,Cuentas por Pagar Relacionadas,21103,A,2000,,2000,2000,,2000,2000,,2000,1
A,2000,,2000,2083,,2083,283,,283,,,,2000,,2000,2000,,2000,2000,,2000,2000,,2000,2000,,2000,2000,,2000,2000,,2000,M,1,21109,21109,CUENTAS POR PAGAR SOCIOS,211,A,2000,,2000,2000,,2000,2000,,2000,1
A,2000,,2000,2084,,2084,284,,284,,,,2000,,2000,2000,,2000,2000,,2000,2000,,2000,2000,,2000,2000,,2000,2000,,2000,M,1,2110901,2110901,Préstamo a Socios ,21109,A,2000,,2000,2000,,2000,2000,,2000,1
A,2000,,2000,2085,,2085,285,,285,,,,2000,,2000,2000,,2000,2000,,2000,2000,,2000,2000,,2000,2000,,2000,2000,,2000,M,1,213,213,OBLIGACIONES FISCALES,21,A,2000,,2000,2000,,2000,2000,,2000,1
A,2000,,2000,2086,,2086,286,,286,,,,2000,,2000,2000,,2000,2000,,2000,2000,,2000,2000,,2000,2000,,2000,2000,,2000,M,1,21301,21301,OBLIGACIONES IESS POR PAGAR,213,A,2000,,2000,2000,,2000,2000,,2000,1
A,2000,,2000,2087,,2087,287,,287,,,,2000,,2000,2000,,2000,2000,,2000,2000,,2000,2000,,2000,2000,,2000,2000,,2000,M,1,2130101,2130101,Aporte Patronal,21301,A,2000,,2000,2000,,2000,2000,,2000,1
A,2000,,2000,2088,,2088,288,,288,,,,2000,,2000,2000,,2000,2000,,2000,2000,,2000,2000,,2000,2000,,2000,2000,,2000,M,1,2130102,2130102,Aporte Personal,21301,A,2000,,2000,2000,,2000,2000,,2000,1
A,2000,,2000,2089,,2089,289,,289,,,,2000,,2000,2000,,2000,2000,,2000,2000,,2000,2000,,2000,2000,,2000,2000,,2000,M,1,2130103,2130103,Préstamos del IESS,21301,A,2000,,2000,2000,,2000,2000,,2000,1
A,2000,,2000,2090,,2090,290,,290,,,,2000,,2000,2000,,2000,2000,,2000,2000,,2000,2000,,2000,2000,,2000,2000,,2000,M,1,2130104,2130104,Fondos de Reserva por Pagar,21301,A,2000,,2000,2000,,2000,2000,,2000,1
A,2000,,2000,2091,,2091,291,,291,,,,2000,,2000,2000,,2000,2000,,2000,2000,,2000,2000,,2000,2000,,2000,2000,,2000,M,1,21302,21302,IMPUESTOS POR PAGAR,213,A,2000,,2000,2000,,2000,2000,,2000,1
A,2000,,2000,2092,,2092,292,,292,,,,2000,,2000,2000,,2000,2000,,2000,2000,,2000,2000,,2000,2000,,2000,2000,,2000,M,1,2130201,2130201,IVA en Ventas,21302,A,2000,,2000,2000,,2000,2000,,2000,1
A,2000,,2000,2093,,2093,293,,293,,,,2000,,2000,2000,,2000,2000,,2000,2000,,2000,2000,,2000,2000,,2000,2000,,2000,M,1,2130202,2130202,Retención IVA por Pagar,21302,A,2000,,2000,2000,,2000,2000,,2000,1
A,2000,,2000,2094,,2094,294,,294,,,,2000,,2000,2000,,2000,2000,,2000,2000,,2000,2000,,2000,2000,,2000,2000,,2000,M,1,2130203,2130203,Retención en la Fuente por Pagar,21302,A,2000,,2000,2000,,2000,2000,,2000,1
A,2000,,2000,2095,,2095,295,,295,,,,2000,,2000,2000,,2000,2000,,2000,2000,,2000,2000,,2000,2000,,2000,2000,,2000,M,1,2130204,2130204,Retención impuesto Renta empleados,21302,A,2000,,2000,2000,,2000,2000,,2000,1
A,2000,,2000,2096,,2096,296,,296,,,,2000,,2000,2000,,2000,2000,,2000,2000,,2000,2000,,2000,2000,,2000,2000,,2000,M,1,2130205,2130205,Impuesto a la Renta por Pagar,21302,A,2000,,2000,2000,,2000,2000,,2000,1
A,2000,,2000,2097,,2097,297,,297,,,,2000,,2000,2000,,2000,2000,,2000,2000,,2000,2000,,2000,2000,,2000,2000,,2000,M,1,2130206,2130206,Anticipo Impuesto a la Renta por Pagar,21302,A,2000,,2000,2000,,2000,2000,,2000,1
A,2000,,2000,2098,,2098,298,,298,,,,2000,,2000,2000,,2000,2000,,2000,2000,,2000,2000,,2000,2000,,2000,2000,,2000,M,1,214,214,OBLIGACIONES EMPLEADOS,21,A,2000,,2000,2000,,2000,2000,,2000,1
A,2000,,2000,2099,,2099,299,,299,,,,2000,,2000,2000,,2000,2000,,2000,2000,,2000,2000,,2000,2000,,2000,2000,,2000,M,1,21401,21401,OBLIGACIONES Y BENEFICIOS EMPLEADOS,214,A,2000,,2000,2000,,2000,2000,,2000,1
A,2000,,2000,2100,,2100,300,,300,,,,2000,,2000,2000,,2000,2000,,2000,2000,,2000,2000,,2000,2000,,2000,2000,,2000,M,1,2140101,2140101,Sueldos por Pagar,21401,A,2000,,2000,2000,,2000,2000,,2000,1
A,2000,,2000,2101,,2101,301,,301,,,,2000,,2000,2000,,2000,2000,,2000,2000,,2000,2000,,2000,2000,,2000,2000,,2000,M,1,2140102,2140102,15% Participación Trabajadores,21401,A,2000,,2000,2000,,2000,2000,,2000,1
A,2000,,2000,2102,,2102,302,,302,,,,2000,,2000,2000,,2000,2000,,2000,2000,,2000,2000,,2000,2000,,2000,2000,,2000,M,1,2140103,2140103,Decimo Tercer Sueldo por Pagar,21401,A,2000,,2000,2000,,2000,2000,,2000,1
A,2000,,2000,2103,,2103,303,,303,,,,2000,,2000,2000,,2000,2000,,2000,2000,,2000,2000,,2000,2000,,2000,2000,,2000,M,1,2140104,2140104,Decimo Cuarto Sueldo por Pagar,21401,A,2000,,2000,2000,,2000,2000,,2000,1
A,2000,,2000,2104,,2104,304,,304,,,,2000,,2000,2000,,2000,2000,,2000,2000,,2000,2000,,2000,2000,,2000,2000,,2000,M,1,2140105,2140105,Vacaciones por Pagar,21401,A,2000,,2000,2000,,2000,2000,,2000,1
A,2000,,2000,2105,,2105,305,,305,,,,2000,,2000,2000,,2000,2000,,2000,2000,,2000,2000,,2000,2000,,2000,2000,,2000,M,1,2140106,2140106,Finiquitos por Pagar,21401,A,2000,,2000,2000,,2000,2000,,2000,1
A,2000,,2000,2106,,2106,306,,306,,,,2000,,2000,2000,,2000,2000,,2000,2000,,2000,2000,,2000,2000,,2000,2000,,2000,M,1,21402,21402,PROVISIONES BENEFICIOS L.PLAZO EMPLEADOS,214,A,2000,,2000,2000,,2000,2000,,2000,1
A,2000,,2000,2107,,2107,307,,307,,,,2000,,2000,2000,,2000,2000,,2000,2000,,2000,2000,,2000,2000,,2000,2000,,2000,M,1,2140201,2140201,Provision Jubilacion Patronal,21402,A,2000,,2000,2000,,2000,2000,,2000,1
A,2000,,2000,2108,,2108,308,,308,,,,2000,,2000,2000,,2000,2000,,2000,2000,,2000,2000,,2000,2000,,2000,2000,,2000,M,1,2140202,2140202,Provision Desahucio,21402,A,2000,,2000,2000,,2000,2000,,2000,1
A,2000,,2000,2109,,2109,309,,309,,,,2000,,2000,2000,,2000,2000,,2000,2000,,2000,2000,,2000,2000,,2000,2000,,2000,M,1,3,3,PATRIMONIO,3,A,2000,,2000,2000,,2000,2000,,2000,1
A,2000,,2000,2110,,2110,310,,310,,,,2000,,2000,2000,,2000,2000,,2000,2000,,2000,2000,,2000,2000,,2000,2000,,2000,M,1,31,31,CAPITAL,31,A,2000,,2000,2000,,2000,2000,,2000,1
A,2000,,2000,2111,,2111,311,,311,,,,2000,,2000,2000,,2000,2000,,2000,2000,,2000,2000,,2000,2000,,2000,2000,,2000,M,1,310,310,CAPITAL SOCIAL,310,A,2000,,2000,2000,,2000,2000,,2000,1
A,2000,,2000,2112,,2112,312,,312,,,,2000,,2000,2000,,2000,2000,,2000,2000,,2000,2000,,2000,2000,,2000,2000,,2000,M,1,3100101,3100101,Capital Social,3,A,2000,,2000,2000,,2000,2000,,2000,1
A,2000,,2000,2113,,2113,313,,313,,,,2000,,2000,2000,,2000,2000,,2000,2000,,2000,2000,,2000,2000,,2000,2000,,2000,M,1,32,32,RESERVAS,32,A,2000,,2000,2000,,2000,2000,,2000,1
A,2000,,2000,2114,,2114,314,,314,,,,2000,,2000,2000,,2000,2000,,2000,2000,,2000,2000,,2000,2000,,2000,2000,,2000,M,1,320,320,RESERVA LEGAL,320,A,2000,,2000,2000,,2000,2000,,2000,1
A,2000,,2000,2115,,2115,315,,315,,,,2000,,2000,2000,,2000,2000,,2000,2000,,2000,2000,,2000,2000,,2000,2000,,2000,M,1,3200101,3200101,Reserva Legal,3,A,2000,,2000,2000,,2000,2000,,2000,1
A,2000,,2000,2116,,2116,316,,316,,,,2000,,2000,2000,,2000,2000,,2000,2000,,2000,2000,,2000,2000,,2000,2000,,2000,M,1,33,33,RESULTADOS,33,A,2000,,2000,2000,,2000,2000,,2000,1
A,2000,,2000,2117,,2117,317,,317,,,,2000,,2000,2000,,2000,2000,,2000,2000,,2000,2000,,2000,2000,,2000,2000,,2000,M,1,330,330,RESULTADOS EJERCICIOS ANTERIORES,330,A,2000,,2000,2000,,2000,2000,,2000,1
A,2000,,2000,2118,,2118,318,,318,,,,2000,,2000,2000,,2000,2000,,2000,2000,,2000,2000,,2000,2000,,2000,2000,,2000,M,1,3300101,3300101,Utilidades Acumuladas,330,A,2000,,2000,2000,,2000,2000,,2000,1
A,2000,,2000,2119,,2119,319,,319,,,,2000,,2000,2000,,2000,2000,,2000,2000,,2000,2000,,2000,2000,,2000,2000,,2000,M,1,3300102,3300102,Pérdidas Acumuladas,330,A,2000,,2000,2000,,2000,2000,,2000,1
A,2000,,2000,2120,,2120,320,,320,,,,2000,,2000,2000,,2000,2000,,2000,2000,,2000,2000,,2000,2000,,2000,2000,,2000,M,1,3300103,3300103,Resultados Acumulados Niifs,33,A,2000,,2000,2000,,2000,2000,,2000,1
A,2000,,2000,2121,,2121,321,,321,,,,2000,,2000,2000,,2000,2000,,2000,2000,,2000,2000,,2000,2000,,2000,2000,,2000,M,1,331,331,RESULTADO DEL EJERCICIO,331,A,2000,,2000,2000,,2000,2000,,2000,1
A,2000,,2000,2122,,2122,322,,322,,,,2000,,2000,2000,,2000,2000,,2000,2000,,2000,2000,,2000,2000,,2000,2000,,2000,M,1,3310101,3310101,Utilidad o Pérdida  Neta del Ejercicio,331,A,2000,,2000,2000,,2000,2000,,2000,1
A,2000,,2000,2123,,2123,323,,323,,,,2000,,2000,2000,,2000,2000,,2000,2000,,2000,2000,,2000,2000,,2000,2000,,2000,M,1,3310199,3310199,Utilidad /Pérdida del Ejercicio actual,,A,2000,,2000,2000,,2000,2000,,2000,1
A,2000,,2000,2124,,2124,324,,324,,,,2000,,2000,2000,,2000,2000,,2000,2000,,2000,2000,,2000,2000,,2000,2000,,2000,M,1,4,4,INGRESOS,,A,2000,,2000,2000,,2000,2000,,2000,1
A,2000,,2000,2125,,2125,325,,325,,,,2000,,2000,2000,,2000,2000,,2000,2000,,2000,2000,,2000,2000,,2000,2000,,2000,M,1,41,41,INGRESOS OPERACIONALES,4,A,2000,,2000,2000,,2000,2000,,2000,1
A,2000,,2000,2126,,2126,326,,326,,,,2000,,2000,2000,,2000,2000,,2000,2000,,2000,2000,,2000,2000,,2000,2000,,2000,M,1,411,411,VENTAS,41,A,2000,,2000,2000,,2000,2000,,2000,1
A,2000,,2000,2127,,2127,327,,327,,,,2000,,2000,2000,,2000,2000,,2000,2000,,2000,2000,,2000,2000,,2000,2000,,2000,M,1,41101,41101,VENTAS DE SERVICIOS,411,A,2000,,2000,2000,,2000,2000,,2000,1
A,2000,,2000,2128,,2128,328,,328,,,,2000,,2000,2000,,2000,2000,,2000,2000,,2000,2000,,2000,2000,,2000,2000,,2000,M,1,4110101,4110101,Ingreso por Inscripción,41101,A,2000,,2000,2000,,2000,2000,,2000,1
A,2000,,2000,2129,,2129,329,,329,,,,2000,,2000,2000,,2000,2000,,2000,2000,,2000,2000,,2000,2000,,2000,2000,,2000,M,1,4110102,4110102,Ingreso por Tasa Administrativa,41101,A,2000,,2000,2000,,2000,2000,,2000,1
A,2000,,2000,2130,,2130,330,,330,,,,2000,,2000,2000,,2000,2000,,2000,2000,,2000,2000,,2000,2000,,2000,2000,,2000,M,1,4110103,4110103,Ingreso por 1era Cuota,41101,A,2000,,2000,2000,,2000,2000,,2000,1
A,2000,,2000,2131,,2131,331,,331,,,,2000,,2000,2000,,2000,2000,,2000,2000,,2000,2000,,2000,2000,,2000,2000,,2000,M,1,4110104,4110104,Ingreso por Cambios,41101,A,2000,,2000,2000,,2000,2000,,2000,1
A,2000,,2000,2132,,2132,332,,332,,,,2000,,2000,2000,,2000,2000,,2000,2000,,2000,2000,,2000,2000,,2000,2000,,2000,M,1,4110105,4110105,Ganancia en Vehículos,41101,A,2000,,2000,2000,,2000,2000,,2000,1
A,2000,,2000,2133,,2133,333,,333,,,,2000,,2000,2000,,2000,2000,,2000,2000,,2000,2000,,2000,2000,,2000,2000,,2000,M,1,42,42,INGRESOS POR VENTA DE ACTIVO FIJO,4,A,2000,,2000,2000,,2000,2000,,2000,1
A,2000,,2000,2134,,2134,334,,334,,,,2000,,2000,2000,,2000,2000,,2000,2000,,2000,2000,,2000,2000,,2000,2000,,2000,M,1,420,420,VENTAS DE ACTIVOS,42,A,2000,,2000,2000,,2000,2000,,2000,1
A,2000,,2000,2135,,2135,335,,335,,,,2000,,2000,2000,,2000,2000,,2000,2000,,2000,2000,,2000,2000,,2000,2000,,2000,M,1,4200101,4200101,Utilidad en Venta de Activos,420,A,2000,,2000,2000,,2000,2000,,2000,1
A,2000,,2000,2136,,2136,336,,336,,,,2000,,2000,2000,,2000,2000,,2000,2000,,2000,2000,,2000,2000,,2000,2000,,2000,M,1,43,43,INGRESOS NO OPERACIONALES,4,A,2000,,2000,2000,,2000,2000,,2000,1
A,2000,,2000,2137,,2137,337,,337,,,,2000,,2000,2000,,2000,2000,,2000,2000,,2000,2000,,2000,2000,,2000,2000,,2000,M,1,430,430,OTROS INGRESOS NO OPERACIONALES,43,A,2000,,2000,2000,,2000,2000,,2000,1
A,2000,,2000,2138,,2138,338,,338,,,,2000,,2000,2000,,2000,2000,,2000,2000,,2000,2000,,2000,2000,,2000,2000,,2000,M,1,4300101,4300101,Intereses Ganados,430,A,2000,,2000,2000,,2000,2000,,2000,1
A,2000,,2000,2139,,2139,339,,339,,,,2000,,2000,2000,,2000,2000,,2000,2000,,2000,2000,,2000,2000,,2000,2000,,2000,M,1,4300102,4300102,Otros ingresos no Operacionales,430,A,2000,,2000,2000,,2000,2000,,2000,1
A,2000,,2000,2140,,2140,340,,340,,,,2000,,2000,2000,,2000,2000,,2000,2000,,2000,2000,,2000,2000,,2000,2000,,2000,M,1,6,6,GASTOS,,D,2000,,2000,2000,,2000,2000,,2000,1
A,2000,,2000,2141,,2141,341,,341,,,,2000,,2000,2000,,2000,2000,,2000,2000,,2000,2000,,2000,2000,,2000,2000,,2000,M,1,61,61,GASTOS ADMINISTRATIVOS,6,D,2000,,2000,2000,,2000,2000,,2000,1
A,2000,,2000,2142,,2142,342,,342,,,,2000,,2000,2000,,2000,2000,,2000,2000,,2000,2000,,2000,2000,,2000,2000,,2000,M,1,610,610,GASTOS DE PERSONAL,61,D,2000,,2000,2000,,2000,2000,,2000,1
A,2000,,2000,2143,,2143,343,,343,,,,2000,,2000,2000,,2000,2000,,2000,2000,,2000,2000,,2000,2000,,2000,2000,,2000,M,1,61001,61001,SUELDOS Y SALARIOS,610,D,2000,,2000,2000,,2000,2000,,2000,1
A,2000,,2000,2144,,2144,344,,344,,,,2000,,2000,2000,,2000,2000,,2000,2000,,2000,2000,,2000,2000,,2000,2000,,2000,M,1,6100101,6100101,Sueldos,61001,D,2000,,2000,2000,,2000,2000,,2000,1
A,2000,,2000,2145,,2145,345,,345,,,,2000,,2000,2000,,2000,2000,,2000,2000,,2000,2000,,2000,2000,,2000,2000,,2000,M,1,6100102,6100102,Horas Extras,61001,D,2000,,2000,2000,,2000,2000,,2000,1
A,2000,,2000,2146,,2146,346,,346,,,,2000,,2000,2000,,2000,2000,,2000,2000,,2000,2000,,2000,2000,,2000,2000,,2000,M,1,6100103,6100103,Comisiones,61001,D,2000,,2000,2000,,2000,2000,,2000,1
A,2000,,2000,2147,,2147,347,,347,,,,2000,,2000,2000,,2000,2000,,2000,2000,,2000,2000,,2000,2000,,2000,2000,,2000,M,1,6100104,6100104,Bonificaciones,61001,D,2000,,2000,2000,,2000,2000,,2000,1
A,2000,,2000,2148,,2148,348,,348,,,,2000,,2000,2000,,2000,2000,,2000,2000,,2000,2000,,2000,2000,,2000,2000,,2000,M,1,61002,61002,BENEFICIOS SOCIALES,610,D,2000,,2000,2000,,2000,2000,,2000,1
A,2000,,2000,2149,,2149,349,,349,,,,2000,,2000,2000,,2000,2000,,2000,2000,,2000,2000,,2000,2000,,2000,2000,,2000,M,1,6100203,6100203,Décimo Tercer Sueldo,61002,D,2000,,2000,2000,,2000,2000,,2000,1
A,2000,,2000,2150,,2150,350,,350,,,,2000,,2000,2000,,2000,2000,,2000,2000,,2000,2000,,2000,2000,,2000,2000,,2000,M,1,6100204,6100204,Décimo Cuarto Sueldo,61002,D,2000,,2000,2000,,2000,2000,,2000,1
A,2000,,2000,2151,,2151,351,,351,,,,2000,,2000,2000,,2000,2000,,2000,2000,,2000,2000,,2000,2000,,2000,2000,,2000,M,1,6100205,6100205,Vacaciones,61002,D,2000,,2000,2000,,2000,2000,,2000,1
A,2000,,2000,2152,,2152,352,,352,,,,2000,,2000,2000,,2000,2000,,2000,2000,,2000,2000,,2000,2000,,2000,2000,,2000,M,1,6100206,6100206,Fondos de Reserva,61002,D,2000,,2000,2000,,2000,2000,,2000,1
A,2000,,2000,2153,,2153,353,,353,,,,2000,,2000,2000,,2000,2000,,2000,2000,,2000,2000,,2000,2000,,2000,2000,,2000,M,1,6100207,6100207,Aporte Patronal,61002,D,2000,,2000,2000,,2000,2000,,2000,1
A,2000,,2000,2154,,2154,354,,354,,,,2000,,2000,2000,,2000,2000,,2000,2000,,2000,2000,,2000,2000,,2000,2000,,2000,M,1,6100208,6100208,Jubilacion Patronal,61002,D,2000,,2000,2000,,2000,2000,,2000,1
A,2000,,2000,2155,,2155,355,,355,,,,2000,,2000,2000,,2000,2000,,2000,2000,,2000,2000,,2000,2000,,2000,2000,,2000,M,1,6100209,6100209,Desahucios,61002,D,2000,,2000,2000,,2000,2000,,2000,1
A,2000,,2000,2156,,2156,356,,356,,,,2000,,2000,2000,,2000,2000,,2000,2000,,2000,2000,,2000,2000,,2000,2000,,2000,M,1,6100210,6100210,Participación Trabajadores,61002,D,2000,,2000,2000,,2000,2000,,2000,1
A,2000,,2000,2157,,2157,357,,357,,,,2000,,2000,2000,,2000,2000,,2000,2000,,2000,2000,,2000,2000,,2000,2000,,2000,M,1,61003,61003,OTROS GASTOS DE PERSONAL,610,D,2000,,2000,2000,,2000,2000,,2000,1
A,2000,,2000,2158,,2158,358,,358,,,,2000,,2000,2000,,2000,2000,,2000,2000,,2000,2000,,2000,2000,,2000,2000,,2000,M,1,6100301,6100301,Atención al Personal,61003,D,2000,,2000,2000,,2000,2000,,2000,1
A,2000,,2000,2159,,2159,359,,359,,,,2000,,2000,2000,,2000,2000,,2000,2000,,2000,2000,,2000,2000,,2000,2000,,2000,M,1,6100302,6100302,Capacitación del personal,61003,D,2000,,2000,2000,,2000,2000,,2000,1
A,2000,,2000,2160,,2160,360,,360,,,,2000,,2000,2000,,2000,2000,,2000,2000,,2000,2000,,2000,2000,,2000,2000,,2000,M,1,6100303,6100303,Agasajos del Personal,61003,D,2000,,2000,2000,,2000,2000,,2000,1
A,2000,,2000,2161,,2161,361,,361,,,,2000,,2000,2000,,2000,2000,,2000,2000,,2000,2000,,2000,2000,,2000,2000,,2000,M,1,6100304,6100304,Uniformes para el personal,61003,D,2000,,2000,2000,,2000,2000,,2000,1
A,2000,,2000,2162,,2162,362,,362,,,,2000,,2000,2000,,2000,2000,,2000,2000,,2000,2000,,2000,2000,,2000,2000,,2000,M,1,6100305,6100305,Refrigerios y Alimentación,61003,D,2000,,2000,2000,,2000,2000,,2000,1
A,2000,,2000,2163,,2163,363,,363,,,,2000,,2000,2000,,2000,2000,,2000,2000,,2000,2000,,2000,2000,,2000,2000,,2000,M,1,6100306,6100306,Movilización,61003,D,2000,,2000,2000,,2000,2000,,2000,1
A,2000,,2000,2164,,2164,364,,364,,,,2000,,2000,2000,,2000,2000,,2000,2000,,2000,2000,,2000,2000,,2000,2000,,2000,M,1,611,611,GASTOS OPERACIONALES,61,D,2000,,2000,2000,,2000,2000,,2000,1
A,2000,,2000,2165,,2165,365,,365,,,,2000,,2000,2000,,2000,2000,,2000,2000,,2000,2000,,2000,2000,,2000,2000,,2000,M,1,61101,61101,GASTOS DE ARRIENDOS,611,D,2000,,2000,2000,,2000,2000,,2000,1
A,2000,,2000,2166,,2166,366,,366,,,,2000,,2000,2000,,2000,2000,,2000,2000,,2000,2000,,2000,2000,,2000,2000,,2000,M,1,6110101,6110101,Arriendo Oficinas,61101,D,2000,,2000,2000,,2000,2000,,2000,1
A,2000,,2000,2167,,2167,367,,367,,,,2000,,2000,2000,,2000,2000,,2000,2000,,2000,2000,,2000,2000,,2000,2000,,2000,M,1,6110102,6110102,Condominio Oficinas,61101,D,2000,,2000,2000,,2000,2000,,2000,1
A,2000,,2000,2168,,2168,368,,368,,,,2000,,2000,2000,,2000,2000,,2000,2000,,2000,2000,,2000,2000,,2000,2000,,2000,M,1,6110103,6110103,Parqueaderos,61101,D,2000,,2000,2000,,2000,2000,,2000,1
A,2000,,2000,2169,,2169,369,,369,,,,2000,,2000,2000,,2000,2000,,2000,2000,,2000,2000,,2000,2000,,2000,2000,,2000,M,1,61102,61102,HONORARIOS PROFESIONALES,611,D,2000,,2000,2000,,2000,2000,,2000,1
A,2000,,2000,2170,,2170,370,,370,,,,2000,,2000,2000,,2000,2000,,2000,2000,,2000,2000,,2000,2000,,2000,2000,,2000,M,1,6110201,6110201,Honorarios Profesionales,61102,D,2000,,2000,2000,,2000,2000,,2000,1
A,2000,,2000,2171,,2171,371,,371,,,,2000,,2000,2000,,2000,2000,,2000,2000,,2000,2000,,2000,2000,,2000,2000,,2000,M,1,6110202,6110202,Honorarios Servicio Contables,61102,D,2000,,2000,2000,,2000,2000,,2000,1
A,2000,,2000,2172,,2172,372,,372,,,,2000,,2000,2000,,2000,2000,,2000,2000,,2000,2000,,2000,2000,,2000,2000,,2000,M,1,6110203,6110203,Servicios Legales y Notariales,61102,D,2000,,2000,2000,,2000,2000,,2000,1
A,2000,,2000,2173,,2173,373,,373,,,,2000,,2000,2000,,2000,2000,,2000,2000,,2000,2000,,2000,2000,,2000,2000,,2000,M,1,61103,61103,SUMINISTROS Y MATERIALES,611,D,2000,,2000,2000,,2000,2000,,2000,1
A,2000,,2000,2174,,2174,374,,374,,,,2000,,2000,2000,,2000,2000,,2000,2000,,2000,2000,,2000,2000,,2000,2000,,2000,M,1,6110301,6110301,Suministros de Oficina,61103,D,2000,,2000,2000,,2000,2000,,2000,1
A,2000,,2000,2175,,2175,375,,375,,,,2000,,2000,2000,,2000,2000,,2000,2000,,2000,2000,,2000,2000,,2000,2000,,2000,M,1,6110302,6110302,Suministros de Limpieza y Cafetería,61103,D,2000,,2000,2000,,2000,2000,,2000,1
A,2000,,2000,2176,,2176,376,,376,,,,2000,,2000,2000,,2000,2000,,2000,2000,,2000,2000,,2000,2000,,2000,2000,,2000,M,1,61104,61104,GASTOS MANTENIMIENTO,611,D,2000,,2000,2000,,2000,2000,,2000,1
A,2000,,2000,2177,,2177,377,,377,,,,2000,,2000,2000,,2000,2000,,2000,2000,,2000,2000,,2000,2000,,2000,2000,,2000,M,1,6110401,6110401,Mantenimiento y Reparaciones de Equipo,61104,D,2000,,2000,2000,,2000,2000,,2000,1
A,2000,,2000,2178,,2178,378,,378,,,,2000,,2000,2000,,2000,2000,,2000,2000,,2000,2000,,2000,2000,,2000,2000,,2000,M,1,6110402,6110402,Mantenimiento Locales,61104,D,2000,,2000,2000,,2000,2000,,2000,1
A,2000,,2000,2179,,2179,379,,379,,,,2000,,2000,2000,,2000,2000,,2000,2000,,2000,2000,,2000,2000,,2000,2000,,2000,M,1,6110403,6110403,Mantenimiento Vehículos,61104,D,2000,,2000,2000,,2000,2000,,2000,1
A,2000,,2000,2180,,2180,380,,380,,,,2000,,2000,2000,,2000,2000,,2000,2000,,2000,2000,,2000,2000,,2000,2000,,2000,M,1,61105,61105,SERVICIOS BASICOS,611,D,2000,,2000,2000,,2000,2000,,2000,1
A,2000,,2000,2181,,2181,381,,381,,,,2000,,2000,2000,,2000,2000,,2000,2000,,2000,2000,,2000,2000,,2000,2000,,2000,M,1,6110501,6110501,Luz,61105,D,2000,,2000,2000,,2000,2000,,2000,1
A,2000,,2000,2182,,2182,382,,382,,,,2000,,2000,2000,,2000,2000,,2000,2000,,2000,2000,,2000,2000,,2000,2000,,2000,M,1,6110502,6110502,Agua,61105,D,2000,,2000,2000,,2000,2000,,2000,1
A,2000,,2000,2183,,2183,383,,383,,,,2000,,2000,2000,,2000,2000,,2000,2000,,2000,2000,,2000,2000,,2000,2000,,2000,M,1,6110503,6110503,Telefono fijo,61105,D,2000,,2000,2000,,2000,2000,,2000,1
A,2000,,2000,2184,,2184,384,,384,,,,2000,,2000,2000,,2000,2000,,2000,2000,,2000,2000,,2000,2000,,2000,2000,,2000,M,1,61106,61106,SERVICIOS TECNOLOGICOS,611,D,2000,,2000,2000,,2000,2000,,2000,1
A,2000,,2000,2185,,2185,385,,385,,,,2000,,2000,2000,,2000,2000,,2000,2000,,2000,2000,,2000,2000,,2000,2000,,2000,M,1,6110601,6110601,Telefono movil,61106,D,2000,,2000,2000,,2000,2000,,2000,1
A,2000,,2000,2186,,2186,386,,386,,,,2000,,2000,2000,,2000,2000,,2000,2000,,2000,2000,,2000,2000,,2000,2000,,2000,M,1,6110602,6110602,Servicio Internet,61106,D,2000,,2000,2000,,2000,2000,,2000,1
A,2000,,2000,2187,,2187,387,,387,,,,2000,,2000,2000,,2000,2000,,2000,2000,,2000,2000,,2000,2000,,2000,2000,,2000,M,1,6110603,6110603,Servicio Hosting,61106,D,2000,,2000,2000,,2000,2000,,2000,1
A,2000,,2000,2188,,2188,388,,388,,,,2000,,2000,2000,,2000,2000,,2000,2000,,2000,2000,,2000,2000,,2000,2000,,2000,M,1,61107,61107,DEPRECIACIONES Y AMORTIZACIONES,611,D,2000,,2000,2000,,2000,2000,,2000,1
A,2000,,2000,2189,,2189,389,,389,,,,2000,,2000,2000,,2000,2000,,2000,2000,,2000,2000,,2000,2000,,2000,2000,,2000,M,1,6110701,6110701,Gasto Deprec.Muebles y Enseres de Oficina,61107,D,2000,,2000,2000,,2000,2000,,2000,1
A,2000,,2000,2190,,2190,390,,390,,,,2000,,2000,2000,,2000,2000,,2000,2000,,2000,2000,,2000,2000,,2000,2000,,2000,M,1,6110702,6110702,Gasto Deprec.Equipo de Computo,61107,D,2000,,2000,2000,,2000,2000,,2000,1
A,2000,,2000,2191,,2191,391,,391,,,,2000,,2000,2000,,2000,2000,,2000,2000,,2000,2000,,2000,2000,,2000,2000,,2000,M,1,6110703,6110703,Gasto Deprec.Vehículo,61107,D,2000,,2000,2000,,2000,2000,,2000,1
A,2000,,2000,2192,,2192,392,,392,,,,2000,,2000,2000,,2000,2000,,2000,2000,,2000,2000,,2000,2000,,2000,2000,,2000,M,1,6110704,6110704,Gasto Amortizac. Gastos de Constitución,61107,D,2000,,2000,2000,,2000,2000,,2000,1
A,2000,,2000,2193,,2193,393,,393,,,,2000,,2000,2000,,2000,2000,,2000,2000,,2000,2000,,2000,2000,,2000,2000,,2000,M,1,61108,61108,OTROS GASTOS OPERACIONALES,611,D,2000,,2000,2000,,2000,2000,,2000,1
A,2000,,2000,2194,,2194,394,,394,,,,2000,,2000,2000,,2000,2000,,2000,2000,,2000,2000,,2000,2000,,2000,2000,,2000,M,1,6110801,6110801,IVA Gasto,61108,D,2000,,2000,2000,,2000,2000,,2000,1
A,2000,,2000,2195,,2195,395,,395,,,,2000,,2000,2000,,2000,2000,,2000,2000,,2000,2000,,2000,2000,,2000,2000,,2000,M,1,6110802,6110802,Multas e Intereses ,61108,D,2000,,2000,2000,,2000,2000,,2000,1
A,2000,,2000,2196,,2196,396,,396,,,,2000,,2000,2000,,2000,2000,,2000,2000,,2000,2000,,2000,2000,,2000,2000,,2000,M,1,6110803,6110803,Ajustes por Remanentes,61108,D,2000,,2000,2000,,2000,2000,,2000,1
A,2000,,2000,2197,,2197,397,,397,,,,2000,,2000,2000,,2000,2000,,2000,2000,,2000,2000,,2000,2000,,2000,2000,,2000,M,1,62,62,GASTOS DE VENTA,6,D,2000,,2000,2000,,2000,2000,,2000,1
A,2000,,2000,2198,,2198,398,,398,,,,2000,,2000,2000,,2000,2000,,2000,2000,,2000,2000,,2000,2000,,2000,2000,,2000,M,1,620,620,GASTOS DE PERSONAL,62,D,2000,,2000,2000,,2000,2000,,2000,1
A,2000,,2000,2199,,2199,399,,399,,,,2000,,2000,2000,,2000,2000,,2000,2000,,2000,2000,,2000,2000,,2000,2000,,2000,M,1,62001,62001,SUELDOS Y SALARIOS,620,D,2000,,2000,2000,,2000,2000,,2000,1
A,2000,,2000,2200,,2200,400,,400,,,,2000,,2000,2000,,2000,2000,,2000,2000,,2000,2000,,2000,2000,,2000,2000,,2000,M,1,6200101,6200101,Sueldos,62001,D,2000,,2000,2000,,2000,2000,,2000,1
A,2000,,2000,2201,,2201,401,,401,,,,2000,,2000,2000,,2000,2000,,2000,2000,,2000,2000,,2000,2000,,2000,2000,,2000,M,1,6200102,6200102,Horas Extras,62001,D,2000,,2000,2000,,2000,2000,,2000,1
A,2000,,2000,2202,,2202,402,,402,,,,2000,,2000,2000,,2000,2000,,2000,2000,,2000,2000,,2000,2000,,2000,2000,,2000,M,1,6200103,6200103,Comisiones,62001,D,2000,,2000,2000,,2000,2000,,2000,1
A,2000,,2000,2203,,2203,403,,403,,,,2000,,2000,2000,,2000,2000,,2000,2000,,2000,2000,,2000,2000,,2000,2000,,2000,M,1,6200104,6200104,Bonificaciones,62001,D,2000,,2000,2000,,2000,2000,,2000,1
A,2000,,2000,2204,,2204,404,,404,,,,2000,,2000,2000,,2000,2000,,2000,2000,,2000,2000,,2000,2000,,2000,2000,,2000,M,1,62002,62002,BENEFICIOS SOCIALES,620,D,2000,,2000,2000,,2000,2000,,2000,1
A,2000,,2000,2205,,2205,405,,405,,,,2000,,2000,2000,,2000,2000,,2000,2000,,2000,2000,,2000,2000,,2000,2000,,2000,M,1,6200203,6200203,Décimo Tercer Sueldo,62002,D,2000,,2000,2000,,2000,2000,,2000,1
A,2000,,2000,2206,,2206,406,,406,,,,2000,,2000,2000,,2000,2000,,2000,2000,,2000,2000,,2000,2000,,2000,2000,,2000,M,1,6200204,6200204,Décimo Cuarto Sueldo,62002,D,2000,,2000,2000,,2000,2000,,2000,1
A,2000,,2000,2207,,2207,407,,407,,,,2000,,2000,2000,,2000,2000,,2000,2000,,2000,2000,,2000,2000,,2000,2000,,2000,M,1,6200205,6200205,Vacaciones,62002,D,2000,,2000,2000,,2000,2000,,2000,1
A,2000,,2000,2208,,2208,408,,408,,,,2000,,2000,2000,,2000,2000,,2000,2000,,2000,2000,,2000,2000,,2000,2000,,2000,M,1,6200206,6200206,Fondos de Reserva,62002,D,2000,,2000,2000,,2000,2000,,2000,1
A,2000,,2000,2209,,2209,409,,409,,,,2000,,2000,2000,,2000,2000,,2000,2000,,2000,2000,,2000,2000,,2000,2000,,2000,M,1,6200207,6200207,Aporte Patronal,62002,D,2000,,2000,2000,,2000,2000,,2000,1
A,2000,,2000,2210,,2210,410,,410,,,,2000,,2000,2000,,2000,2000,,2000,2000,,2000,2000,,2000,2000,,2000,2000,,2000,M,1,6200208,6200208,Jubilacion Patronal,62002,D,2000,,2000,2000,,2000,2000,,2000,1
A,2000,,2000,2211,,2211,411,,411,,,,2000,,2000,2000,,2000,2000,,2000,2000,,2000,2000,,2000,2000,,2000,2000,,2000,M,1,6200209,6200209,Desahucios,62002,D,2000,,2000,2000,,2000,2000,,2000,1
A,2000,,2000,2212,,2212,412,,412,,,,2000,,2000,2000,,2000,2000,,2000,2000,,2000,2000,,2000,2000,,2000,2000,,2000,M,1,6200210,6200210,Participación Trabajadores,62002,D,2000,,2000,2000,,2000,2000,,2000,1
A,2000,,2000,2213,,2213,413,,413,,,,2000,,2000,2000,,2000,2000,,2000,2000,,2000,2000,,2000,2000,,2000,2000,,2000,M,1,62003,62003, OTROS GASTOS DE PERSONAL,620,D,2000,,2000,2000,,2000,2000,,2000,1
A,2000,,2000,2214,,2214,414,,414,,,,2000,,2000,2000,,2000,2000,,2000,2000,,2000,2000,,2000,2000,,2000,2000,,2000,M,1,6200301,6200301,Atención al Personal,62003,D,2000,,2000,2000,,2000,2000,,2000,1
A,2000,,2000,2215,,2215,415,,415,,,,2000,,2000,2000,,2000,2000,,2000,2000,,2000,2000,,2000,2000,,2000,2000,,2000,M,1,6200302,6200302,Capacitación del personal,62003,D,2000,,2000,2000,,2000,2000,,2000,1
A,2000,,2000,2216,,2216,416,,416,,,,2000,,2000,2000,,2000,2000,,2000,2000,,2000,2000,,2000,2000,,2000,2000,,2000,M,1,6200303,6200303,Agasajos del Personal,62003,D,2000,,2000,2000,,2000,2000,,2000,1
A,2000,,2000,2217,,2217,417,,417,,,,2000,,2000,2000,,2000,2000,,2000,2000,,2000,2000,,2000,2000,,2000,2000,,2000,M,1,6200304,6200304,Uniformes para el personal,62003,D,2000,,2000,2000,,2000,2000,,2000,1
A,2000,,2000,2218,,2218,418,,418,,,,2000,,2000,2000,,2000,2000,,2000,2000,,2000,2000,,2000,2000,,2000,2000,,2000,M,1,6200305,6200305,Refrigerios y Alimentación,62003,D,2000,,2000,2000,,2000,2000,,2000,1
A,2000,,2000,2219,,2219,419,,419,,,,2000,,2000,2000,,2000,2000,,2000,2000,,2000,2000,,2000,2000,,2000,2000,,2000,M,1,6200306,6200306,Movilización,62003,D,2000,,2000,2000,,2000,2000,,2000,1
A,2000,,2000,2220,,2220,420,,420,,,,2000,,2000,2000,,2000,2000,,2000,2000,,2000,2000,,2000,2000,,2000,2000,,2000,M,1,621,621,GASTOS DE GESTION DE VENTAS,62,D,2000,,2000,2000,,2000,2000,,2000,1
A,2000,,2000,2221,,2221,421,,421,,,,2000,,2000,2000,,2000,2000,,2000,2000,,2000,2000,,2000,2000,,2000,2000,,2000,M,1,62101,62101,GASTOS DE VIAJE,621,D,2000,,2000,2000,,2000,2000,,2000,1
A,2000,,2000,2222,,2222,422,,422,,,,2000,,2000,2000,,2000,2000,,2000,2000,,2000,2000,,2000,2000,,2000,2000,,2000,M,1,6210101,6210101,Movilización,62101,D,2000,,2000,2000,,2000,2000,,2000,1
A,2000,,2000,2223,,2223,423,,423,,,,2000,,2000,2000,,2000,2000,,2000,2000,,2000,2000,,2000,2000,,2000,2000,,2000,M,1,6210102,6210102,Hospedaje y Alimentación,62101,D,2000,,2000,2000,,2000,2000,,2000,1
A,2000,,2000,2224,,2224,424,,424,,,,2000,,2000,2000,,2000,2000,,2000,2000,,2000,2000,,2000,2000,,2000,2000,,2000,M,1,6210103,6210103,Combustible,62101,D,2000,,2000,2000,,2000,2000,,2000,1
A,2000,,2000,2225,,2225,425,,425,,,,2000,,2000,2000,,2000,2000,,2000,2000,,2000,2000,,2000,2000,,2000,2000,,2000,M,1,62102,62102,GASTOS PROMOCION Y PUBLICIDAD,621,D,2000,,2000,2000,,2000,2000,,2000,1
A,2000,,2000,2226,,2226,426,,426,,,,2000,,2000,2000,,2000,2000,,2000,2000,,2000,2000,,2000,2000,,2000,2000,,2000,M,1,6210201,6210201,Promoción y Publicidad,62102,D,2000,,2000,2000,,2000,2000,,2000,1
A,2000,,2000,2227,,2227,427,,427,,,,2000,,2000,2000,,2000,2000,,2000,2000,,2000,2000,,2000,2000,,2000,2000,,2000,M,1,62103,62103,OTROS GASTOS DE VENTA,621,D,2000,,2000,2000,,2000,2000,,2000,1
A,2000,,2000,2228,,2228,428,,428,,,,2000,,2000,2000,,2000,2000,,2000,2000,,2000,2000,,2000,2000,,2000,2000,,2000,M,1,6210301,6210301,Atención a Clientes,62103,D,2000,,2000,2000,,2000,2000,,2000,1
A,2000,,2000,2229,,2229,429,,429,,,,2000,,2000,2000,,2000,2000,,2000,2000,,2000,2000,,2000,2000,,2000,2000,,2000,M,1,63,63,GASTOS FINANCIEROS,6,D,2000,,2000,2000,,2000,2000,,2000,1
A,2000,,2000,2230,,2230,430,,430,,,,2000,,2000,2000,,2000,2000,,2000,2000,,2000,2000,,2000,2000,,2000,2000,,2000,M,1,630,630,GASTOS BANCARIOS,63,D,2000,,2000,2000,,2000,2000,,2000,1
A,2000,,2000,2231,,2231,431,,431,,,,2000,,2000,2000,,2000,2000,,2000,2000,,2000,2000,,2000,2000,,2000,2000,,2000,M,1,63001,63001,GASTOS BANCARIOS EN GENERAL,630,D,2000,,2000,2000,,2000,2000,,2000,1
A,2000,,2000,2232,,2232,432,,432,,,,2000,,2000,2000,,2000,2000,,2000,2000,,2000,2000,,2000,2000,,2000,2000,,2000,M,1,6300101,6300101,Comisiones Bancarias,63001,D,2000,,2000,2000,,2000,2000,,2000,1
A,2000,,2000,2233,,2233,433,,433,,,,2000,,2000,2000,,2000,2000,,2000,2000,,2000,2000,,2000,2000,,2000,2000,,2000,M,1,6300102,6300102,Servicios Bancarios,63001,D,2000,,2000,2000,,2000,2000,,2000,1
A,2000,,2000,2234,,2234,434,,434,,,,2000,,2000,2000,,2000,2000,,2000,2000,,2000,2000,,2000,2000,,2000,2000,,2000,M,1,6300103,6300103,Costos Chequeras,63001,D,2000,,2000,2000,,2000,2000,,2000,1
A,2000,,2000,2235,,2235,435,,435,,,,2000,,2000,2000,,2000,2000,,2000,2000,,2000,2000,,2000,2000,,2000,2000,,2000,M,1,6300104,6300104,Intereses Bancarios,63001,D,2000,,2000,2000,,2000,2000,,2000,1