sis_habilitado,tipo_cliente,id_usuario,id_empresa,id
A,N,76,1,1
A,N,77,2,2
A,N,78,3,3
A,N,79,4,4
A,N,80,5,5
A,N,81,6,6
A,N,82,7,7
A,N,83,8,8
A,N,84,9,9
A,N,85,10,10
A,N,86,11,11
A,N,87,12,12
A,N,88,13,13
A,N,89,14,14
A,N,90,15,15
A,N,91,16,16
A,N,92,17,17
A,N,93,18,18
A,N,94,19,19
A,N,95,20,20
A,N,96,21,21
A,N,97,22,22
A,N,98,23,23
A,N,99,24,24
A,N,100,25,25
A,N,101,26,26
A,N,102,27,27
A,N,103,28,28
A,N,104,29,29
A,N,105,30,30
A,N,106,31,31
A,N,107,32,32
A,N,108,33,33
A,N,109,34,34
A,N,110,35,35
A,N,111,36,36
A,N,112,37,37
A,N,113,38,38
A,N,114,39,39
A,N,115,40,40
A,N,116,41,41
A,N,117,42,42
A,N,118,43,43
A,N,119,44,44
A,N,120,45,45
A,N,121,46,46
A,N,122,47,47
A,N,123,48,48
A,N,124,49,49
A,N,125,50,50
A,N,126,51,51
A,N,127,52,52
A,N,128,53,53
A,N,129,54,54
A,N,130,55,55
A,N,131,56,56
A,N,132,57,57
A,N,133,58,58
A,N,134,59,59
A,N,135,60,60
A,N,136,61,61
A,N,137,62,62
A,N,138,63,63
A,N,139,64,64
A,N,140,65,65
A,N,141,66,66
A,N,142,67,67
A,N,143,68,68
A,N,144,69,69
A,N,145,70,70
A,N,146,71,71
A,N,147,72,72
A,N,148,73,73
A,N,149,74,74
A,N,150,75,75
A,N,151,76,76
A,N,152,77,77
A,N,153,78,78
A,N,154,79,79
A,N,155,80,80
A,N,156,81,81
A,N,157,82,82
A,N,158,83,83
A,N,159,84,84
A,N,160,85,85
A,N,161,86,86
A,N,162,87,87
A,N,163,88,88
A,N,164,89,89
A,N,165,90,90
A,N,166,91,91
A,N,167,92,92
A,N,168,93,93
A,N,169,94,94
A,N,170,95,95
A,N,171,96,96
A,N,172,97,97
A,N,173,98,98
A,N,174,99,99
A,N,175,100,100
A,N,176,101,101
A,N,177,102,102
A,N,178,103,103
A,N,179,104,104
A,N,180,105,105
A,N,181,106,106
A,N,182,107,107
A,N,183,108,108
A,N,184,109,109
A,N,185,110,110
A,N,186,111,111
A,N,187,112,112
A,N,188,113,113
A,N,189,114,114
A,N,190,115,115
A,N,191,116,116
A,N,192,117,117
A,N,193,118,118
A,N,194,119,119
A,N,195,120,120
A,N,196,121,121
A,N,197,122,122
A,N,198,123,123
A,N,199,124,124
A,N,200,125,125
A,N,201,126,126
A,N,202,127,127
A,N,203,128,128
A,N,204,129,129
A,N,205,130,130
A,N,206,131,131
A,N,207,132,132
A,N,208,133,133
A,N,209,134,134
A,N,210,135,135
A,N,211,136,136
A,N,212,137,137
A,N,213,138,138
A,N,214,139,139
A,N,215,140,140
A,N,216,141,141
A,N,217,142,142
A,N,218,143,143
A,N,219,144,144
A,N,220,145,145
A,N,221,146,146
A,N,222,147,147
A,N,223,148,148
A,N,224,149,149
A,N,225,150,150
A,N,226,151,151
A,N,227,152,152
A,N,228,153,153
A,N,229,154,154
A,N,230,155,155
A,N,231,156,156
A,N,232,157,157
A,N,233,158,158
A,N,234,159,159
A,N,235,160,160
A,N,236,161,161
A,N,237,162,162
A,N,238,163,163
A,N,239,164,164
A,N,240,165,165
A,N,241,166,166
A,N,242,167,167
A,N,243,168,168
A,N,244,169,169
A,N,245,170,170
A,N,246,171,171
A,N,247,172,172
A,N,248,173,173
A,N,249,174,174
A,N,250,175,175
A,N,251,176,176
A,N,252,177,177
A,N,253,178,178
A,N,254,179,179
A,N,255,180,180
A,N,256,181,181
A,N,257,182,182
A,N,258,183,183
A,N,259,184,184
A,N,260,185,185
A,N,261,186,186
A,N,262,187,187
A,N,263,188,188
A,N,264,189,189
A,N,265,190,190
A,N,266,191,191
A,N,267,192,192
A,N,268,193,193
A,N,269,194,194
A,N,270,195,195
A,N,271,196,196
A,N,272,197,197
A,N,273,198,198
A,N,274,199,199
A,N,275,200,200
A,N,276,201,201
A,N,277,202,202
A,N,278,203,203
A,N,279,204,204
A,N,280,205,205
A,N,281,206,206
A,N,282,207,207
A,N,283,208,208
A,N,284,209,209
A,N,285,210,210
A,N,286,211,211
A,N,287,212,212
A,N,288,213,213
A,N,289,214,214
A,N,290,215,215
A,N,291,216,216
A,N,292,217,217
A,N,293,218,218
A,N,294,219,219
A,N,295,220,220
A,N,296,221,221
A,N,297,222,222
A,N,298,223,223
A,N,299,224,224
A,N,300,225,225
A,N,301,226,226
A,N,302,227,227
A,N,303,228,228
A,N,304,229,229
A,N,305,230,230
A,N,306,231,231
A,N,307,232,232
A,N,308,233,233
A,N,309,234,234
A,N,310,235,235
A,N,311,236,236
A,N,312,237,237
A,N,313,238,238
A,N,314,239,239
A,N,315,240,240
A,N,316,241,241
A,N,317,242,242
A,N,318,243,243
A,N,319,244,244
A,N,320,245,245
A,N,321,246,246
A,N,322,247,247
A,N,323,248,248
A,N,324,249,249
A,N,325,250,250
A,N,326,251,251
A,N,327,252,252
A,N,328,253,253
A,N,329,254,254
A,N,330,255,255
A,N,331,256,256
A,N,332,257,257
A,N,333,258,258
A,N,334,259,259
A,N,335,260,260
A,N,336,261,261
A,N,337,262,262
A,N,338,263,263
A,N,339,264,264
A,N,340,265,265
A,N,341,266,266
A,N,342,267,267
A,N,343,268,268
A,N,344,269,269
A,N,345,270,270
A,N,346,271,271
A,N,347,272,272
A,N,348,273,273
A,N,349,274,274
A,N,350,275,275
A,N,351,276,276
A,N,352,277,277
A,N,353,278,278
A,N,354,279,279
A,N,355,280,280
A,N,356,281,281
A,N,357,282,282
A,N,358,283,283
A,N,359,284,284
A,N,360,285,285
A,N,361,286,286
A,N,362,287,287
A,N,363,288,288
A,N,364,289,289
A,N,365,290,290
A,N,366,291,291
A,N,367,292,292
A,N,368,293,293
A,N,369,294,294
A,N,370,295,295
A,N,371,296,296
A,N,372,297,297
A,N,373,298,298
A,N,374,299,299
A,N,375,300,300
A,N,376,301,301
A,N,377,302,302
A,N,378,303,303
A,N,379,304,304
A,N,380,305,305
A,N,381,306,306
A,N,382,307,307
A,N,383,308,308
A,N,384,309,309
A,N,385,310,310
A,N,386,311,311
A,N,387,312,312
A,N,388,313,313
A,N,389,314,314
A,N,390,315,315
A,N,391,316,316
A,N,392,317,317
A,N,393,318,318
A,N,394,319,319
A,N,395,320,320
A,N,396,321,321
A,N,397,322,322
A,N,398,323,323
A,N,399,324,324
A,N,400,325,325
A,N,401,326,326
A,N,402,327,327
A,N,403,328,328
A,N,404,329,329
A,N,405,330,330
A,N,406,331,331
A,N,407,332,332
A,N,408,333,333
A,N,409,334,334
A,N,410,335,335
A,N,411,336,336
A,N,412,337,337
A,N,413,338,338
A,N,414,339,339
A,N,415,340,340
A,N,416,341,341
A,N,417,342,342
A,N,418,343,343
A,N,419,344,344
A,N,420,345,345
A,N,421,346,346
A,N,422,347,347
A,N,423,348,348
A,N,424,349,349
A,N,425,350,350
A,N,426,351,351
A,N,427,352,352
A,N,428,353,353
A,N,429,354,354
A,N,430,355,355
A,N,431,356,356
A,N,432,357,357
A,N,433,358,358
A,N,434,359,359
A,N,435,360,360
A,N,436,361,361
A,N,437,362,362
A,N,438,363,363
A,N,439,364,364
A,N,440,365,365
A,N,441,366,366
A,N,442,367,367
A,N,443,368,368
A,N,444,369,369
A,N,445,370,370
A,N,446,371,371
A,N,447,372,372
A,N,448,373,373
A,N,449,374,374
A,N,450,375,375
A,N,451,376,376
A,N,452,377,377
A,N,453,378,378
A,N,454,379,379
A,N,455,380,380
A,N,456,381,381
A,N,457,382,382
A,N,458,383,383
A,N,459,384,384
A,N,460,385,385
A,N,461,386,386
A,N,462,387,387
A,N,463,388,388
A,N,464,389,389
A,N,465,390,390
A,N,466,391,391
A,N,467,392,392
A,N,468,393,393
A,N,469,394,394
A,N,470,395,395
A,N,471,396,396
A,N,472,397,397
I,N,473,398,398
I,N,474,399,399
I,N,475,400,400
I,N,476,401,401
I,N,477,402,402
I,N,478,403,403
I,N,479,404,404
I,N,480,405,405
I,N,481,406,406
I,N,482,407,407
I,N,483,408,408
I,N,484,409,409
I,N,485,410,410
I,N,486,411,411
I,N,487,412,412
I,N,488,413,413
I,N,489,414,414
I,N,490,415,415
I,N,491,416,416
I,N,492,417,417
I,N,493,418,418
I,N,494,419,419
I,N,495,420,420
I,N,496,421,421
I,N,497,422,422
I,N,498,423,423
I,N,499,424,424
I,N,500,425,425
I,N,501,426,426
I,N,502,427,427
I,N,503,428,428
I,N,504,429,429
I,N,505,430,430
I,N,506,431,431
I,N,507,432,432
I,N,508,433,433
I,N,509,434,434
I,N,510,435,435
I,N,511,436,436
I,N,512,437,437
I,N,513,438,438
I,N,514,439,439
I,N,515,440,440
I,N,516,441,441
I,N,517,442,442
I,N,518,443,443
I,N,519,444,444
I,N,520,445,445
I,N,521,446,446
I,N,522,447,447
I,N,523,448,448
I,N,524,449,449
I,N,525,450,450
I,N,526,451,451
I,N,527,452,452
I,N,528,453,453
I,N,529,454,454
I,N,530,455,455
I,N,531,456,456
I,N,532,457,457
I,N,533,458,458
I,N,534,459,459
I,N,535,460,460
I,N,536,461,461
I,N,537,462,462
I,N,538,463,463
I,N,539,464,464
I,N,540,465,465
I,N,541,466,466
I,N,542,467,467
I,N,543,468,468
I,N,544,469,469
I,N,545,470,470
I,N,546,471,471
I,N,547,472,472
I,N,548,473,473
I,N,549,474,474
I,N,550,475,475
I,N,551,476,476
I,N,552,477,477
I,N,553,478,478
I,N,554,479,479
I,N,555,480,480
I,N,556,481,481
I,N,557,482,482
I,N,558,483,483
I,N,559,484,484
I,N,560,485,485
I,N,561,486,486
I,N,562,487,487
I,N,563,488,488
I,N,564,489,489
I,N,565,490,490
I,N,566,491,491
I,N,567,492,492
I,N,568,493,493
I,N,569,494,494
I,N,570,495,495
I,N,571,496,496
I,N,572,497,497
I,N,573,498,498
I,N,574,499,499
I,N,575,500,500
I,N,576,501,501
I,N,577,502,502
I,N,578,503,503
I,N,579,504,504
I,N,580,505,505
I,N,581,506,506
I,N,582,507,507
I,N,583,508,508
I,N,584,509,509
I,N,585,510,510
I,N,586,511,511
I,N,587,512,512
I,N,588,513,513
I,N,589,514,514
I,N,590,515,515
A,N,591,516,516
A,N,592,517,517
A,N,593,518,518
A,N,594,519,519
A,N,595,520,520
A,N,596,521,521
A,N,597,522,522
A,N,598,523,523
A,N,599,524,524
A,N,600,525,525
A,N,601,526,526
A,N,602,527,527
A,N,603,528,528
A,N,604,529,529
A,N,605,530,530
A,N,606,531,531
A,N,607,532,532
A,N,608,533,533
A,N,609,534,534
A,N,610,535,535
A,N,611,536,536
A,N,612,537,537
A,N,613,538,538
A,N,614,539,539
A,N,615,540,540
A,N,616,541,541
A,N,617,542,542
A,N,618,543,543
A,N,619,544,544
A,N,620,545,545
A,N,621,546,546
A,N,622,547,547
A,N,623,548,548
A,N,624,549,549
A,N,625,550,550
A,N,626,551,551
A,N,627,552,552
A,N,628,553,553
A,N,629,554,554
A,N,630,555,555
A,N,631,556,556
A,N,632,557,557
A,N,633,558,558
A,N,634,559,559
A,N,635,560,560
A,N,636,561,561
A,N,637,562,562
A,N,638,563,563
A,N,639,564,564
A,N,640,565,565
A,N,641,566,566
A,N,642,567,567
A,N,643,568,568
A,N,644,569,569
A,N,645,570,570
A,N,646,571,571
A,N,647,572,572
A,N,648,573,573
A,N,649,574,574
A,N,650,575,575
A,N,651,576,576
A,N,652,577,577
A,N,653,578,578
A,N,654,579,579
A,N,655,580,580
A,N,656,581,581
A,N,657,582,582
A,N,658,583,583
A,N,659,584,584
A,N,660,585,585
A,N,661,586,586
A,N,662,587,587
A,N,663,588,588
A,N,664,589,589
A,N,665,590,590
A,N,666,591,591
A,N,667,592,592
A,N,668,593,593
A,N,669,594,594
A,N,670,595,595
A,N,671,596,596
A,N,672,597,597
A,N,673,598,598
A,N,674,599,599
A,N,675,600,600
A,N,676,601,601
A,N,677,602,602
A,N,678,603,603
A,N,679,604,604
A,N,680,605,605
A,N,681,606,606
A,N,682,607,607
A,N,683,608,608
A,N,684,609,609
A,N,685,610,610
A,N,686,611,611
A,N,687,612,612
A,N,688,613,613
A,N,689,614,614
A,N,690,615,615
A,N,691,616,616
A,N,692,617,617
A,N,693,618,618
A,N,694,619,619
A,N,695,620,620
A,N,696,621,621
A,N,697,622,622
A,N,698,623,623
A,N,699,624,624
A,N,700,625,625
A,N,701,626,626
A,N,702,627,627
A,N,703,628,628
A,N,704,629,629
A,N,705,630,630
A,N,706,631,631
A,N,707,632,632
A,N,708,633,633
A,N,709,634,634
A,N,710,635,635
A,N,711,636,636
A,N,712,637,637
A,N,713,638,638
A,N,714,639,639
A,N,715,640,640
A,N,716,641,641
A,N,717,642,642
A,N,718,643,643
A,N,719,644,644
A,N,720,645,645
A,N,721,646,646
A,N,722,647,647
A,N,723,648,648
A,N,724,649,649
A,N,725,650,650
A,N,726,651,651
A,N,727,652,652
A,N,728,653,653
A,N,729,654,654
A,N,730,655,655
A,N,731,656,656
A,N,732,657,657
A,N,733,658,658
A,N,734,659,659
A,N,735,660,660
A,N,736,661,661
A,N,737,662,662
A,N,738,663,663
A,N,739,664,664
A,N,740,665,665
A,N,741,666,666
A,N,742,667,667
A,N,743,668,668
A,N,744,669,669
A,N,745,670,670
A,N,746,671,671
A,N,747,672,672
A,N,748,673,673
A,N,749,674,674
A,N,750,675,675
A,N,751,676,676
A,N,752,677,677
A,N,753,678,678
A,N,754,679,679
A,N,755,680,680
A,N,756,681,681
A,N,757,682,682
A,N,758,683,683
A,N,759,684,684
A,N,760,685,685
A,N,761,686,686
A,N,762,687,687
A,N,763,688,688
A,N,764,689,689
A,N,765,690,690
A,N,766,691,691
A,N,767,692,692
A,N,768,693,693
A,N,769,694,694
A,N,770,695,695
A,N,771,696,696
A,N,772,697,697
A,N,773,698,698
A,N,774,699,699
A,N,775,700,700
A,N,776,701,701
A,N,777,702,702
A,N,778,703,703
A,N,779,704,704
A,N,780,705,705
A,N,781,706,706
A,N,782,707,707
A,N,783,708,708
A,N,784,709,709
A,N,785,710,710
A,N,786,711,711
A,N,787,712,712
A,N,788,713,713
A,N,789,714,714
A,N,790,715,715
A,N,791,716,716
A,N,792,717,717
A,N,793,718,718
A,N,794,719,719
A,N,795,720,720
A,N,796,721,721
A,N,797,722,722
A,N,798,723,723
A,N,799,724,724
A,N,800,725,725
A,N,801,726,726
A,N,802,727,727
A,N,803,728,728
A,N,804,729,729
A,N,805,730,730
A,N,806,731,731
A,N,807,732,732
A,N,808,733,733
A,N,809,734,734
A,N,810,735,735
A,N,811,736,736
A,N,812,737,737
A,N,813,738,738
A,N,814,739,739
A,N,815,740,740
A,N,816,741,741
A,N,817,742,742
A,N,818,743,743
A,N,819,744,744
A,N,820,745,745
A,N,821,746,746
A,N,822,747,747
A,N,823,748,748
A,N,824,749,749
A,N,825,750,750
A,N,826,751,751
A,N,827,752,752
A,N,828,753,753
A,N,829,754,754
A,N,830,755,755
A,N,831,756,756
A,N,832,757,757
A,N,833,758,758
A,N,834,759,759
A,N,835,760,760
A,N,836,761,761
A,N,837,762,762
A,N,838,763,763
A,N,839,764,764
A,N,840,765,765
A,N,841,766,766
A,N,842,767,767
A,N,843,768,768
A,N,844,769,769
A,N,845,770,770
A,N,846,771,771
A,N,847,772,772
A,N,848,773,773
A,N,849,774,774
A,N,850,775,775
A,N,851,776,776
A,N,852,777,777
A,N,853,778,778
A,N,854,779,779
A,N,855,780,780
A,N,856,781,781
A,N,857,782,782
A,N,858,783,783
A,N,859,784,784
A,N,860,785,785
A,N,861,786,786
A,N,862,787,787
A,N,863,788,788
A,N,864,789,789
A,N,865,790,790
A,N,866,791,791
A,N,867,792,792
A,N,868,793,793
A,N,869,794,794
A,N,870,795,795
A,N,871,796,796
A,N,872,797,797
A,N,873,798,798
A,N,874,799,799
A,N,875,800,800
A,N,876,801,801
A,N,877,802,802
A,N,878,803,803
A,N,879,804,804
A,N,880,805,805
A,N,881,806,806
A,N,882,807,807
A,N,883,808,808
A,N,884,809,809
A,N,885,810,810
A,N,886,811,811
A,N,887,812,812
A,N,888,813,813
A,N,889,814,814
A,N,890,815,815
A,N,891,816,816
A,N,892,817,817
A,N,893,818,818
A,N,894,819,819
A,N,895,820,820
A,N,896,821,821
A,N,897,822,822
A,N,898,823,823
A,N,899,824,824
A,N,900,825,825
A,N,901,826,826
A,N,902,827,827
A,N,903,828,828
A,N,904,829,829
A,N,905,830,830
A,N,906,831,831
A,N,907,832,832
A,N,908,833,833
A,N,909,834,834
A,N,910,835,835
A,N,911,836,836
A,N,912,837,837
A,N,913,838,838
A,N,914,839,839
A,N,915,840,840
A,N,916,841,841
A,N,917,842,842
A,N,918,843,843
A,N,919,844,844
A,N,920,845,845
A,N,921,846,846
A,N,922,847,847
A,N,923,848,848
A,N,924,849,849
A,N,925,850,850
A,N,926,851,851
A,N,927,852,852
A,N,928,853,853
A,N,929,854,854
A,N,930,855,855
A,N,931,856,856
A,N,932,857,857
A,N,933,858,858
A,N,934,859,859
A,N,935,860,860
A,N,936,861,861
A,N,937,862,862
A,N,938,863,863
A,N,939,864,864
A,N,940,865,865
A,N,941,866,866
A,N,942,867,867
A,N,943,868,868
A,N,944,869,869
A,N,945,870,870
A,N,946,871,871
A,N,947,872,872
A,N,948,873,873
A,N,949,874,874
A,N,950,875,875
A,N,951,876,876
A,N,952,877,877
A,N,953,878,878
A,N,954,879,879
A,N,955,880,880
A,N,956,881,881
A,N,957,882,882
A,N,958,883,883
A,N,959,884,884
A,N,960,885,885
A,N,961,886,886
A,N,962,887,887
A,N,963,888,888
A,N,964,889,889
A,N,965,890,890
A,N,966,891,891
A,N,967,892,892
A,N,968,893,893
A,N,969,894,894
A,N,970,895,895
A,N,971,896,896
A,N,972,897,897
A,N,973,898,898
A,N,974,899,899
A,N,975,900,900
A,N,976,901,901
A,N,977,902,902
A,N,978,903,903
A,N,979,904,904
A,N,980,905,905
A,N,981,906,906
A,N,982,907,907
A,N,983,908,908
A,N,984,909,909
A,N,985,910,910
A,N,986,911,911
A,N,987,912,912
A,N,988,913,913
A,N,989,914,914
A,N,990,915,915
A,N,991,916,916
A,N,992,917,917
A,N,993,918,918
A,N,994,919,919
A,N,995,920,920
A,N,996,921,921
A,N,997,922,922
A,N,998,923,923
A,N,999,924,924
A,N,1000,925,925
A,N,1001,926,926
A,N,1002,927,927
A,N,1003,928,928
A,N,1004,929,929
A,N,1005,930,930
A,N,1006,931,931
A,N,1007,932,932
A,N,1008,933,933
A,N,1009,934,934
A,N,1010,935,935
A,N,1011,936,936
A,N,1012,937,937
A,N,1013,938,938
A,N,1014,939,939
A,N,1015,940,940
A,N,1016,941,941
A,N,1017,942,942
A,N,1018,943,943
A,N,1019,944,944
A,N,1020,945,945
A,N,1021,946,946
A,N,1022,947,947
A,N,1023,948,948
A,N,1024,949,949
A,N,1025,950,950
A,N,1026,951,951
A,N,1027,952,952
A,N,1028,953,953
A,N,1029,954,954
A,N,1030,955,955
A,N,1031,956,956
A,N,1032,957,957
A,N,1033,958,958
A,N,1034,959,959
A,N,1035,960,960
A,N,1036,961,961
A,N,1037,962,962
A,N,1038,963,963
A,N,1039,964,964
A,N,1040,965,965
A,N,1041,966,966
A,N,1042,967,967
A,N,1043,968,968
A,N,1044,969,969
A,N,1045,970,970
A,N,1046,971,971
A,N,1047,972,972
A,N,1048,973,973
A,N,1049,974,974
A,N,1050,975,975
A,N,1051,976,976
A,N,1052,977,977
A,N,1053,978,978
A,N,1054,979,979
A,N,1055,980,980
A,N,1056,981,981
A,N,1057,982,982
A,N,1058,983,983
A,N,1059,984,984
A,N,1060,985,985
A,N,1061,986,986
A,N,1062,987,987
A,N,1063,988,988
A,N,1064,989,989
A,N,1065,990,990
A,N,1066,991,991
A,N,1067,992,992
A,N,1068,993,993
A,N,1069,994,994
A,N,1070,995,995
A,N,1071,996,996
A,N,1072,997,997
A,N,1073,998,998
A,N,1074,999,999
A,N,1075,1000,1000
A,N,1076,1001,1001
A,N,1077,1002,1002
A,N,1078,1003,1003
A,N,1079,1004,1004
A,N,1080,1005,1005
A,N,1081,1006,1006
A,N,1082,1007,1007
A,N,1083,1008,1008
A,N,1084,1009,1009
A,N,1085,1010,1010
A,N,1086,1011,1011
A,N,1087,1012,1012
A,N,1088,1013,1013
A,N,1089,1014,1014
A,N,1090,1015,1015
A,N,1091,1016,1016
A,N,1092,1017,1017
A,N,1093,1018,1018
A,N,1094,1019,1019
A,N,1095,1020,1020
A,N,1096,1021,1021
A,N,1097,1022,1022
A,N,1098,1023,1023
A,N,1099,1024,1024
A,N,1100,1025,1025
A,N,1101,1026,1026
A,N,1102,1027,1027
A,N,1103,1028,1028
A,N,1104,1029,1029
A,N,1105,1030,1030
A,N,1106,1031,1031
A,N,1107,1032,1032
A,N,1108,1033,1033
A,N,1109,1034,1034
A,N,1110,1035,1035
A,N,1111,1036,1036
A,N,1112,1037,1037
A,N,1113,1038,1038
A,N,1114,1039,1039
A,N,1115,1040,1040
A,N,1116,1041,1041
A,N,1117,1042,1042
A,N,1118,1043,1043
A,N,1119,1044,1044
A,N,1120,1045,1045
A,N,1121,1046,1046
A,N,1122,1047,1047
A,N,1123,1048,1048
A,N,1124,1049,1049
A,N,1125,1050,1050
A,N,1126,1051,1051
A,N,1127,1052,1052
A,N,1128,1053,1053
A,N,1129,1054,1054
A,N,1130,1055,1055
A,N,1131,1056,1056
A,N,1132,1057,1057
A,N,1133,1058,1058
A,N,1134,1059,1059
A,N,1135,1060,1060
A,N,1136,1061,1061
A,N,1137,1062,1062
A,N,1138,1063,1063
A,N,1139,1064,1064
A,N,1140,1065,1065
A,N,1141,1066,1066
A,N,1142,1067,1067
A,N,1143,1068,1068
A,N,1144,1069,1069
I,N,1145,1070,1070
I,N,1146,1071,1071
I,N,1147,1072,1072
I,N,1148,1073,1073
I,N,1149,1074,1074
I,N,1150,1075,1075
I,N,1151,1076,1076
I,N,1152,1077,1077
I,N,1153,1078,1078
I,N,1154,1079,1079
I,N,1155,1080,1080
I,N,1156,1081,1081
I,N,1157,1082,1082
I,N,1158,1083,1083
I,N,1159,1084,1084
I,N,1160,1085,1085
I,N,1161,1086,1086
I,N,1162,1087,1087
I,N,1163,1088,1088
I,N,1164,1089,1089
I,N,1165,1090,1090
I,N,1166,1091,1091
I,N,1167,1092,1092
I,N,1168,1093,1093
I,N,1169,1094,1094
I,N,1170,1095,1095
I,N,1171,1096,1096
I,N,1172,1097,1097
I,N,1173,1098,1098
I,N,1174,1099,1099
I,N,1175,1100,1100
I,N,1176,1101,1101
I,N,1177,1102,1102
I,N,1178,1103,1103
I,N,1179,1104,1104
I,N,1180,1105,1105
I,N,1181,1106,1106
I,N,1182,1107,1107
I,N,1183,1108,1108
I,N,1184,1109,1109
I,N,1185,1110,1110
I,N,1186,1111,1111
I,N,1187,1112,1112
I,N,1188,1113,1113
A,N,1189,1114,1114
I,N,1190,1115,1115
I,N,1191,1116,1116
I,N,1192,1117,1117
I,N,1193,1118,1118
I,N,1194,1119,1119
I,N,1195,1120,1120
I,N,1196,1121,1121
I,N,1197,1122,1122
I,N,1198,1123,1123
I,N,1199,1124,1124
I,N,1200,1125,1125
I,N,1201,1126,1126
I,N,1202,1127,1127
I,N,1203,1128,1128
I,N,1204,1129,1129
I,N,1205,1130,1130
I,N,1206,1131,1131
I,N,1207,1132,1132
I,N,1208,1133,1133
I,N,1209,1134,1134
I,N,1210,1135,1135
I,N,1211,1136,1136
I,N,1212,1137,1137
I,N,1213,1138,1138
I,N,1214,1139,1139
I,N,1215,1140,1140
I,N,1216,1141,1141
I,N,1217,1142,1142
I,N,1218,1143,1143
I,N,1219,1144,1144
I,N,1220,1145,1145
I,N,1221,1146,1146
I,N,1222,1147,1147
I,N,1223,1148,1148
I,N,1224,1149,1149
I,N,1225,1150,1150
I,N,1226,1151,1151
I,N,1227,1152,1152
I,N,1228,1153,1153
I,N,1229,1154,1154
I,N,1230,1155,1155
I,N,1231,1156,1156
I,N,1232,1157,1157
I,N,1233,1158,1158
I,N,1234,1159,1159
I,N,1235,1160,1160
I,N,1236,1161,1161
I,N,1237,1162,1162
I,N,1238,1163,1163
I,N,1239,1164,1164
I,N,1240,1165,1165
I,N,1241,1166,1166
I,N,1242,1167,1167
I,N,1243,1168,1168
I,N,1244,1169,1169
I,N,1245,1170,1170
I,N,1246,1171,1171
I,N,1247,1172,1172
I,N,1248,1173,1173
I,N,1249,1174,1174
I,N,1250,1175,1175
I,N,1251,1176,1176
I,N,1252,1177,1177
I,N,1253,1178,1178
I,N,1254,1179,1179
I,N,1255,1180,1180
I,N,1256,1181,1181
I,N,1257,1182,1182
I,N,1258,1183,1183
I,N,1259,1184,1184
I,N,1260,1185,1185
I,N,1261,1186,1186
I,N,1262,1187,1187
I,N,1263,1188,1188
I,N,1264,1189,1189
I,N,1265,1190,1190
I,N,1266,1191,1191
I,N,1267,1192,1192
I,N,1268,1193,1193
I,N,1269,1194,1194
I,N,1270,1195,1195
I,N,1271,1196,1196
I,N,1272,1197,1197
I,N,1273,1198,1198
I,N,1274,1199,1199
I,N,1275,1200,1200
I,N,1276,1201,1201
I,N,1277,1202,1202
I,N,1278,1203,1203
I,N,1279,1204,1204
I,N,1280,1205,1205
I,N,1281,1206,1206
I,N,1282,1207,1207
I,N,1283,1208,1208
I,N,1284,1209,1209
I,N,1285,1210,1210
I,N,1286,1211,1211
I,N,1287,1212,1212
I,N,1288,1213,1213
I,N,1289,1214,1214
I,N,1290,1215,1215
I,N,1291,1216,1216
I,N,1292,1217,1217
I,N,1293,1218,1218
I,N,1294,1219,1219
I,N,1295,1220,1220
I,N,1296,1221,1221
I,N,1297,1222,1222
I,N,1298,1223,1223
I,N,1299,1224,1224
I,N,1300,1225,1225
I,N,1301,1226,1226
I,N,1302,1227,1227
I,N,1303,1228,1228
I,N,1304,1229,1229
I,N,1305,1230,1230
I,N,1306,1231,1231
I,N,1307,1232,1232
I,N,1308,1233,1233
I,N,1309,1234,1234
I,N,1310,1235,1235
I,N,1311,1236,1236
I,N,1312,1237,1237
I,N,1313,1238,1238
I,N,1314,1239,1239
I,N,1315,1240,1240
I,N,1316,1241,1241
I,N,1317,1242,1242
I,N,1318,1243,1243
I,N,1319,1244,1244
I,N,1320,1245,1245
I,N,1321,1246,1246
I,N,1322,1247,1247
I,N,1323,1248,1248
I,N,1324,1249,1249
I,N,1325,1250,1250
I,N,1326,1251,1251
I,N,1327,1252,1252
I,N,1328,1253,1253
I,N,1329,1254,1254
I,N,1330,1255,1255
I,N,1331,1256,1256
I,N,1332,1257,1257
I,N,1333,1258,1258
I,N,1334,1259,1259
I,N,1335,1260,1260
I,N,1336,1261,1261
I,N,1337,1262,1262
I,N,1338,1263,1263
I,N,1339,1264,1264
I,N,1340,1265,1265
I,N,1341,1266,1266
I,N,1342,1267,1267
I,N,1343,1268,1268
I,N,1344,1269,1269
I,N,1345,1270,1270
I,N,1346,1271,1271
I,N,1347,1272,1272
I,N,1348,1273,1273
I,N,1349,1274,1274
I,N,1350,1275,1275
I,N,1351,1276,1276
I,N,1352,1277,1277
I,N,1353,1278,1278
I,N,1354,1279,1279
I,N,1355,1280,1280
I,N,1356,1281,1281
I,N,1357,1282,1282
I,N,1358,1283,1283
I,N,1359,1284,1284
I,N,1360,1285,1285
I,N,1361,1286,1286
I,N,1362,1287,1287
I,N,1363,1288,1288
I,N,1364,1289,1289
I,N,1365,1290,1290
I,N,1366,1291,1291
I,N,1367,1292,1292
I,N,1368,1293,1293
I,N,1369,1294,1294
I,N,1370,1295,1295
I,N,1371,1296,1296
I,N,1372,1297,1297
I,N,1373,1298,1298
I,N,1374,1299,1299
I,N,1375,1300,1300
I,N,1376,1301,1301
I,N,1377,1302,1302
I,N,1378,1303,1303
I,N,1379,1304,1304
I,N,1380,1305,1305
I,N,1381,1306,1306
I,N,1382,1307,1307
I,N,1383,1308,1308
I,N,1384,1309,1309
I,N,1385,1310,1310
I,N,1386,1311,1311
I,N,1387,1312,1312
I,N,1388,1313,1313
I,N,1389,1314,1314
I,N,1390,1315,1315
I,N,1391,1316,1316
I,N,1392,1317,1317
I,N,1393,1318,1318
I,N,1394,1319,1319
I,N,1395,1320,1320
I,N,1396,1321,1321
I,N,1397,1322,1322
I,N,1398,1323,1323
I,N,1399,1324,1324
I,N,1400,1325,1325
I,N,1401,1326,1326
I,N,1402,1327,1327
I,N,1403,1328,1328
I,N,1404,1329,1329
I,N,1405,1330,1330
I,N,1406,1331,1331
I,N,1407,1332,1332
I,N,1408,1333,1333
I,N,1409,1334,1334
I,N,1410,1335,1335
I,N,1411,1336,1336
I,N,1412,1337,1337
I,N,1413,1338,1338
I,N,1414,1339,1339
I,N,1415,1340,1340
I,N,1416,1341,1341
I,N,1417,1342,1342
I,N,1418,1343,1343
I,N,1419,1344,1344
I,N,1420,1345,1345
I,N,1421,1346,1346
I,N,1422,1347,1347
I,N,1423,1348,1348
I,N,1424,1349,1349
I,N,1425,1350,1350
I,N,1426,1351,1351
I,N,1427,1352,1352
I,N,1428,1353,1353
I,N,1429,1354,1354
I,N,1430,1355,1355
A,N,1431,1356,1356
A,N,1432,1357,1357
A,N,1433,1358,1358
A,N,1434,1359,1359
A,N,1435,1360,1360
A,N,1436,1361,1361
A,N,1437,1362,1362
A,N,1438,1363,1363
A,N,1439,1364,1364
A,N,1440,1365,1365
A,N,1441,1366,1366
A,N,1442,1367,1367
A,N,1443,1368,1368
A,N,1444,1369,1369
A,N,1445,1370,1370
A,N,1446,1371,1371
A,N,1447,1372,1372
A,N,1448,1373,1373
A,N,1449,1374,1374
A,N,1450,1375,1375
A,N,1451,1376,1376
A,N,1452,1377,1377
A,N,1453,1378,1378
A,N,1454,1379,1379
A,N,1455,1380,1380
A,N,1456,1381,1381
A,N,1457,1382,1382
A,N,1458,1383,1383
A,N,1459,1384,1384
A,N,1460,1385,1385
A,N,1461,1386,1386
A,N,1462,1387,1387
A,N,1463,1388,1388
A,N,1464,1389,1389
A,N,1465,1390,1390
A,N,1466,1391,1391
A,N,1467,1392,1392
A,N,1468,1393,1393
A,N,1469,1394,1394
A,N,1470,1395,1395
A,N,1471,1396,1396
A,N,1472,1397,1397
A,N,1473,1398,1398
A,N,1474,1399,1399
A,N,1475,1400,1400
A,N,1476,1401,1401
A,N,1477,1402,1402
A,N,1478,1403,1403
A,N,1479,1404,1404
A,N,1480,1405,1405
A,N,1481,1406,1406
A,N,1482,1407,1407
A,N,1483,1408,1408
A,N,1484,1409,1409
A,N,1485,1410,1410
A,N,1486,1411,1411
A,N,1487,1412,1412
A,N,1488,1413,1413
A,N,1489,1414,1414
A,N,1490,1415,1415
A,N,1491,1416,1416
A,N,1492,1417,1417
A,N,1493,1418,1418
A,N,1494,1419,1419
A,N,1495,1420,1420
A,N,1496,1421,1421
A,N,1497,1422,1422
A,N,1498,1423,1423
A,N,1499,1424,1424
A,N,1500,1425,1425
A,N,1501,1426,1426
A,N,1502,1427,1427
A,N,1503,1428,1428
A,N,1504,1429,1429
A,N,1505,1430,1430
A,N,1506,1431,1431
A,N,1507,1432,1432
A,N,1508,1433,1433
A,N,1509,1434,1434
A,N,1510,1435,1435
A,N,1511,1436,1436
A,N,1512,1437,1437
A,N,1513,1438,1438
A,N,1514,1439,1439
A,N,1515,1440,1440
A,N,1516,1441,1441
A,N,1517,1442,1442
A,N,1518,1443,1443
A,N,1519,1444,1444
A,N,1520,1445,1445
A,N,1521,1446,1446
A,N,1522,1447,1447
A,N,1523,1448,1448
A,N,1524,1449,1449
A,N,1525,1450,1450
A,N,1526,1451,1451
A,N,1527,1452,1452
A,N,1528,1453,1453
A,N,1529,1454,1454
A,N,1530,1455,1455
A,N,1531,1456,1456
A,N,1532,1457,1457
A,N,1533,1458,1458
A,N,1534,1459,1459
A,N,1535,1460,1460
A,N,1536,1461,1461
A,N,1537,1462,1462
A,N,1538,1463,1463
A,N,1539,1464,1464
A,N,1540,1465,1465
A,N,1541,1466,1466
A,N,1542,1467,1467
A,N,1543,1468,1468
A,N,1544,1469,1469
A,N,1545,1470,1470
A,N,1546,1471,1471
A,N,1547,1472,1472
A,N,1548,1473,1473
A,N,1549,1474,1474
A,N,1550,1475,1475
A,N,1551,1476,1476
A,N,1552,1477,1477
A,N,1553,1478,1478
A,N,1554,1479,1479
A,N,1555,1480,1480
A,N,1556,1481,1481
A,N,1557,1482,1482
A,N,1558,1483,1483
A,N,1559,1484,1484
A,N,1560,1485,1485
A,N,1561,1486,1486
A,N,1562,1487,1487
A,N,1563,1488,1488
A,N,1564,1489,1489
A,N,1565,1490,1490
A,N,1566,1491,1491
A,N,1567,1492,1492
A,N,1568,1493,1493
A,N,1569,1494,1494
A,N,1570,1495,1495
A,N,1571,1496,1496
A,N,1572,1497,1497
A,N,1573,1498,1498
A,N,1574,1499,1499
A,N,1575,1500,1500
A,N,1576,1501,1501
A,N,1577,1502,1502
A,N,1578,1503,1503
A,N,1579,1504,1504
A,N,1580,1505,1505
A,N,1581,1506,1506
A,N,1582,1507,1507
A,N,1583,1508,1508
A,N,1584,1509,1509
A,N,1585,1510,1510
A,N,1586,1511,1511
A,N,1587,1512,1512
A,N,1588,1513,1513
A,N,1589,1514,1514
A,N,1590,1515,1515
A,N,1591,1516,1516
A,N,1592,1517,1517
A,N,1593,1518,1518
A,N,1594,1519,1519
A,N,1595,1520,1520
A,N,1596,1521,1521
A,N,1597,1522,1522
A,N,1598,1523,1523
A,N,1599,1524,1524
A,N,1600,1525,1525
A,N,1601,1526,1526
A,N,1602,1527,1527
A,N,1603,1528,1528
A,N,1604,1529,1529
A,N,1605,1530,1530
A,N,1606,1531,1531
A,N,1607,1532,1532
A,N,1608,1533,1533
A,N,1609,1534,1534
A,N,1610,1535,1535
A,N,1611,1536,1536
A,N,1612,1537,1537
A,N,1613,1538,1538
A,N,1614,1539,1539
A,N,1615,1540,1540
A,N,1616,1541,1541
A,N,1617,1542,1542
A,N,1618,1543,1543
A,N,1619,1544,1544
A,N,1620,1545,1545
A,N,1621,1546,1546
A,N,1622,1547,1547
A,N,1623,1548,1548
A,N,1624,1549,1549
A,N,1625,1550,1550
A,N,1626,1551,1551
A,N,1627,1552,1552
A,N,1628,1553,1553
A,N,1629,1554,1554
A,N,1630,1555,1555
A,N,1631,1556,1556
A,N,1632,1557,1557
A,N,1633,1558,1558
A,N,1634,1559,1559
A,N,1635,1560,1560
A,N,1636,1561,1561
A,N,1637,1562,1562
A,N,1638,1563,1563
A,N,1639,1564,1564
A,N,1640,1565,1565
A,N,1641,1566,1566
A,N,1642,1567,1567
A,N,1643,1568,1568
A,N,1644,1569,1569
A,N,1645,1570,1570
A,N,1646,1571,1571
A,N,1647,1572,1572
A,N,1648,1573,1573
A,N,1649,1574,1574
A,N,1650,1575,1575
A,N,1651,1576,1576
A,N,1652,1577,1577
A,N,1653,1578,1578
A,N,1654,1579,1579
A,N,1655,1580,1580
A,N,1656,1581,1581
A,N,1657,1582,1582
A,N,1658,1583,1583
A,N,1659,1584,1584
A,N,1660,1585,1585
A,N,1661,1586,1586
A,N,1662,1587,1587
A,N,1663,1588,1588
A,N,1664,1589,1589
A,N,1665,1590,1590
A,N,1666,1591,1591
A,N,1667,1592,1592
A,N,1668,1593,1593
A,N,1669,1594,1594
A,N,1670,1595,1595
A,N,1671,1596,1596
A,N,1672,1597,1597
A,N,1673,1598,1598
A,N,1674,1599,1599
A,N,1675,1600,1600
A,N,1676,1601,1601
A,N,1677,1602,1602
A,N,1678,1603,1603
A,N,1679,1604,1604
A,N,1680,1605,1605
A,N,1681,1606,1606
A,N,1682,1607,1607
A,N,1683,1608,1608
A,N,1684,1609,1609
A,N,1685,1610,1610
A,N,1686,1611,1611
A,N,1687,1612,1612
A,N,1688,1613,1613
A,N,1689,1614,1614
A,N,1690,1615,1615
A,N,1691,1616,1616
A,N,1692,1617,1617
A,N,1693,1618,1618
A,N,1694,1619,1619
A,N,1695,1620,1620
A,N,1696,1621,1621
A,N,1697,1622,1622
A,N,1698,1623,1623
A,N,1699,1624,1624
A,N,1700,1625,1625
A,N,1701,1626,1626
A,N,1702,1627,1627
A,N,1703,1628,1628
A,N,1704,1629,1629
A,N,1705,1630,1630
A,N,1706,1631,1631
A,N,1707,1632,1632
A,N,1708,1633,1633
A,N,1709,1634,1634
A,N,1710,1635,1635
A,N,1711,1636,1636
A,N,1712,1637,1637
A,N,1713,1638,1638
A,N,1714,1639,1639
A,N,1715,1640,1640
A,N,1716,1641,1641
A,N,1717,1642,1642
A,N,1718,1643,1643
A,N,1719,1644,1644
A,N,1720,1645,1645
A,N,1721,1646,1646
A,N,1722,1647,1647
A,N,1723,1648,1648
A,N,1724,1649,1649
A,N,1725,1650,1650
A,N,1726,1651,1651
A,N,1727,1652,1652
A,N,1728,1653,1653
A,N,1729,1654,1654
A,N,1730,1655,1655
A,N,1731,1656,1656
A,N,1732,1657,1657
A,N,1733,1658,1658
A,N,1734,1659,1659
A,N,1735,1660,1660
A,N,1736,1661,1661
A,N,1737,1662,1662
A,N,1738,1663,1663
A,N,1739,1664,1664
A,N,1740,1665,1665
A,N,1741,1666,1666
A,N,1742,1667,1667
A,N,1743,1668,1668
A,N,1744,1669,1669
A,N,1745,1670,1670
A,N,1746,1671,1671
A,N,1747,1672,1672
A,N,1748,1673,1673
A,N,1749,1674,1674
A,N,1750,1675,1675
A,N,1751,1676,1676
A,N,1752,1677,1677
A,N,1753,1678,1678
A,N,1754,1679,1679
A,N,1755,1680,1680
A,N,1756,1681,1681
A,N,1757,1682,1682
A,N,1758,1683,1683
A,N,1759,1684,1684
A,N,1760,1685,1685
A,N,1761,1686,1686
A,N,1762,1687,1687
A,N,1763,1688,1688
A,N,1764,1689,1689
A,N,1765,1690,1690
A,N,1766,1691,1691
A,N,1767,1692,1692
A,N,1768,1693,1693
A,N,1769,1694,1694
A,N,1770,1695,1695
A,N,1771,1696,1696
A,N,1772,1697,1697
A,N,1773,1698,1698
A,N,1774,1699,1699
A,N,1775,1700,1700
A,N,1776,1701,1701
A,N,1777,1702,1702
A,N,1778,1703,1703
A,N,1779,1704,1704
A,N,1780,1705,1705
A,N,1781,1706,1706
A,N,1782,1707,1707
A,N,1783,1708,1708
A,N,1784,1709,1709
A,N,1785,1710,1710
A,N,1786,1711,1711
A,N,1787,1712,1712
A,N,1788,1713,1713
A,N,1789,1714,1714
A,N,1790,1715,1715
A,N,1791,1716,1716
A,N,1792,1717,1717
A,N,1793,1718,1718
A,N,1794,1719,1719
A,N,1795,1720,1720
A,N,1796,1721,1721
A,N,1797,1722,1722
A,N,1798,1723,1723
A,N,1799,1724,1724
A,N,1800,1725,1725
A,N,1801,1726,1726
A,N,1802,1727,1727
A,N,1803,1728,1728
A,N,1804,1729,1729
A,N,1805,1730,1730
A,N,1806,1731,1731
A,N,1807,1732,1732
A,N,1808,1733,1733
A,N,1809,1734,1734
A,N,1810,1735,1735
A,N,1811,1736,1736
A,N,1812,1737,1737
A,N,1813,1738,1738
A,N,1814,1739,1739
A,N,1815,1740,1740
A,N,1816,1741,1741
A,N,1817,1742,1742
A,N,1818,1743,1743
A,N,1819,1744,1744
A,N,1820,1745,1745
A,N,1821,1746,1746
A,N,1822,1747,1747
A,N,1823,1748,1748
A,N,1824,1749,1749
A,N,1825,1750,1750
A,N,1826,1751,1751
A,N,1827,1752,1752
A,N,1828,1753,1753
A,N,1829,1754,1754
A,N,1830,1755,1755
A,N,1831,1756,1756
A,N,1832,1757,1757
A,N,1833,1758,1758
A,N,1834,1759,1759
A,N,1835,1760,1760
A,N,1836,1761,1761
A,N,1837,1762,1762
A,N,1838,1763,1763
A,N,1839,1764,1764
A,N,1840,1765,1765
A,N,1841,1766,1766
A,N,1842,1767,1767
A,N,1843,1768,1768
A,N,1844,1769,1769
A,N,1845,1770,1770
A,N,1846,1771,1771
A,N,1847,1772,1772
A,N,1848,1773,1773
A,N,1849,1774,1774
A,N,1850,1775,1775
A,N,1851,1776,1776
A,N,1852,1777,1777
A,N,1853,1778,1778
A,N,1854,1779,1779
A,N,1855,1780,1780
A,N,1856,1781,1781
A,N,1857,1782,1782
A,N,1858,1783,1783
A,N,1859,1784,1784
A,N,1860,1785,1785
A,N,1861,1786,1786
A,N,1862,1787,1787
A,N,1863,1788,1788
A,N,1864,1789,1789
A,N,1865,1790,1790
A,N,1866,1791,1791
A,N,1867,1792,1792
A,N,1868,1793,1793
A,N,1869,1794,1794
A,N,1870,1795,1795
A,N,1871,1796,1796
A,N,1872,1797,1797
A,N,1873,1798,1798
A,N,1874,1799,1799
A,N,1875,1800,1800
A,N,1876,1801,1801
A,N,1877,1802,1802
A,N,1878,1803,1803
A,N,1879,1804,1804
A,N,1880,1805,1805
A,N,1881,1806,1806
A,N,1882,1807,1807
A,N,1883,1808,1808
A,N,1884,1809,1809
A,N,1885,1810,1810
A,N,1886,1811,1811
A,N,1887,1812,1812
A,N,1888,1813,1813
A,N,1889,1814,1814
A,N,1890,1815,1815
A,N,1891,1816,1816
A,N,1892,1817,1817
A,N,1893,1818,1818
A,N,1894,1819,1819
A,N,1895,1820,1820
A,N,1896,1821,1821
A,N,1897,1822,1822
A,N,1898,1823,1823
A,N,1899,1824,1824
A,N,1900,1825,1825
A,N,1901,1826,1826
A,N,1902,1827,1827
A,N,1903,1828,1828
A,N,1904,1829,1829
A,N,1905,1830,1830
A,N,1906,1831,1831
A,N,1907,1832,1832
A,N,1908,1833,1833
A,N,1909,1834,1834
A,N,1910,1835,1835
A,N,1911,1836,1836
A,N,1912,1837,1837
A,N,1913,1838,1838
A,N,1914,1839,1839
A,N,1915,1840,1840
A,N,1916,1841,1841
A,N,1917,1842,1842
A,N,1918,1843,1843
A,N,1919,1844,1844
A,N,1920,1845,1845
A,N,1921,1846,1846
A,N,1922,1847,1847
A,N,1923,1848,1848
A,N,1924,1849,1849
A,N,1925,1850,1850
A,N,1926,1851,1851
A,N,1927,1852,1852
A,N,1928,1853,1853
A,N,1929,1854,1854
A,N,1930,1855,1855
A,N,1931,1856,1856
A,N,1932,1857,1857
A,N,1933,1858,1858
A,N,1934,1859,1859
A,N,1935,1860,1860
A,N,1936,1861,1861
A,N,1937,1862,1862
A,N,1938,1863,1863
A,N,1939,1864,1864
A,N,1940,1865,1865
A,N,1941,1866,1866
A,N,1942,1867,1867
A,N,1943,1868,1868
A,N,1944,1869,1869
A,N,1945,1870,1870
A,N,1946,1871,1871
A,N,1947,1872,1872
A,N,1948,1873,1873
A,N,1949,1874,1874
A,N,1950,1875,1875
A,N,1951,1876,1876
A,N,1952,1877,1877
A,N,1953,1878,1878
A,N,1954,1879,1879
A,N,1955,1880,1880
A,N,1956,1881,1881
A,N,1957,1882,1882
A,N,1958,1883,1883
A,N,1959,1884,1884
A,N,1960,1885,1885
A,N,1961,1886,1886
A,N,1962,1887,1887
A,N,1963,1888,1888
A,N,1964,1889,1889
A,N,1965,1890,1890
A,N,1966,1891,1891
A,N,1967,1892,1892
A,N,1968,1893,1893
A,N,1969,1894,1894
A,N,1970,1895,1895
A,N,1971,1896,1896
A,N,1972,1897,1897
A,N,1973,1898,1898
A,N,1974,1899,1899
A,N,1975,1900,1900
A,N,1976,1901,1901
A,N,1977,1902,1902
A,N,1978,1903,1903
A,N,1979,1904,1904
A,N,1980,1905,1905
A,N,1981,1906,1906
A,N,1982,1907,1907
A,N,1983,1908,1908
A,N,1984,1909,1909
A,N,1985,1910,1910
A,N,1986,1911,1911
A,N,1987,1912,1912
A,N,1988,1913,1913
A,N,1989,1914,1914
A,N,1990,1915,1915
A,N,1991,1916,1916
A,N,1992,1917,1917
A,N,1993,1918,1918
A,N,1994,1919,1919
A,N,1995,1920,1920
A,N,1996,1921,1921
A,N,1997,1922,1922
A,N,1998,1923,1923
A,N,1999,1924,1924
A,N,2000,1925,1925
A,N,2001,1926,1926
A,N,2002,1927,1927
A,N,2003,1928,1928
A,N,2004,1929,1929
A,N,2005,1930,1930
A,N,2006,1931,1931
A,N,2007,1932,1932
A,N,2008,1933,1933
A,N,2009,1934,1934
A,N,2010,1935,1935
A,N,2011,1936,1936
A,N,2012,1937,1937
A,N,2013,1938,1938
A,N,2014,1939,1939
A,N,2015,1940,1940
A,N,2016,1941,1941
A,N,2017,1942,1942
A,N,2018,1943,1943
A,N,2019,1944,1944
A,N,2020,1945,1945
A,N,2021,1946,1946
A,N,2022,1947,1947
A,N,2023,1948,1948
A,N,2024,1949,1949
A,N,2025,1950,1950
A,N,2026,1951,1951
A,N,2027,1952,1952
A,N,2028,1953,1953
A,N,2029,1954,1954
A,N,2030,1955,1955
A,N,2031,1956,1956
A,N,2032,1957,1957
A,N,2033,1958,1958
A,N,2034,1959,1959
A,N,2035,1960,1960
A,N,2036,1961,1961
A,N,2037,1962,1962
A,N,2038,1963,1963
A,N,2039,1964,1964
A,N,2040,1965,1965
A,N,2041,1966,1966
A,N,2042,1967,1967
A,N,2043,1968,1968
A,N,2044,1969,1969
A,N,2045,1970,1970
A,N,2046,1971,1971
A,N,2047,1972,1972
A,N,2048,1973,1973
A,N,2049,1974,1974
A,N,2050,1975,1975
A,N,2051,1976,1976
A,N,2052,1977,1977
A,N,2053,1978,1978
A,N,2054,1979,1979
A,N,2055,1980,1980
A,N,2056,1981,1981
A,N,2057,1982,1982
A,N,2058,1983,1983
A,N,2059,1984,1984
A,N,2060,1985,1985
A,N,2061,1986,1986
A,N,2062,1987,1987
A,N,2063,1988,1988
A,N,2064,1989,1989
A,N,2065,1990,1990
A,N,2066,1991,1991
A,N,2067,1992,1992
A,N,2068,1993,1993
A,N,2069,1994,1994
A,N,2070,1995,1995
A,N,2071,1996,1996
A,N,2072,1997,1997
A,N,2073,1998,1998
A,N,2074,1999,1999
A,N,2075,2000,2000
A,N,2076,2001,2001
A,N,2077,2002,2002
A,N,2078,2003,2003
A,N,2079,2004,2004
A,N,2080,2005,2005
A,N,2081,2006,2006
A,N,2082,2007,2007
A,N,2083,2008,2008
A,N,2084,2009,2009
A,N,2085,2010,2010
A,N,2086,2011,2011
A,N,2087,2012,2012
A,N,2088,2013,2013
A,N,2089,2014,2014
A,N,2090,2015,2015
A,N,2091,2016,2016
A,N,2092,2017,2017
A,N,2093,2018,2018
A,N,2094,2019,2019
A,N,2095,2020,2020
A,N,2096,2021,2021
A,N,2097,2022,2022
A,N,2098,2023,2023
A,N,2099,2024,2024
A,N,2100,2025,2025
A,N,2101,2026,2026
A,N,2102,2027,2027
A,N,2103,2028,2028
A,N,2104,2029,2029
A,N,2105,2030,2030
A,N,2106,2031,2031
A,N,2107,2032,2032
A,N,2108,2033,2033
A,N,2109,2034,2034
A,N,2110,2035,2035
A,N,2111,2036,2036
A,N,2112,2037,2037
A,N,2113,2038,2038
A,N,2114,2039,2039
A,N,2115,2040,2040
A,N,2116,2041,2041
A,N,2117,2042,2042
A,N,2118,2043,2043
A,N,2119,2044,2044
A,N,2120,2045,2045
A,N,2121,2046,2046
A,N,2122,2047,2047
A,N,2123,2048,2048
A,N,2124,2049,2049
A,N,2125,2050,2050
A,N,2126,2051,2051
A,N,2127,2052,2052
A,N,2128,2053,2053
A,N,2129,2054,2054
A,N,2130,2055,2055
A,N,2131,2056,2056
A,N,2132,2057,2057
A,N,2133,2058,2058
A,N,2134,2059,2059
A,N,2135,2060,2060
A,N,2136,2061,2061
A,N,2137,2062,2062
A,N,2138,2063,2063
A,N,2139,2064,2064
A,N,2140,2065,2065
A,N,2141,2066,2066
A,N,2142,2067,2067
A,N,2143,2068,2068
A,N,2144,2069,2069
A,N,2145,2070,2070
A,N,2146,2071,2071
A,N,2147,2072,2072
A,N,2148,2073,2073
A,N,2149,2074,2074
A,N,2150,2075,2075
A,N,2151,2076,2076
A,N,2152,2077,2077
A,N,2153,2078,2078
A,N,2154,2079,2079
A,N,2155,2080,2080
A,N,2156,2081,2081
A,N,2157,2082,2082
A,N,2158,2083,2083
A,N,2159,2084,2084
A,N,2160,2085,2085
A,N,2161,2086,2086
A,N,2162,2087,2087
A,N,2163,2088,2088
A,N,2164,2089,2089
A,N,2165,2090,2090
A,N,2166,2091,2091
A,N,2167,2092,2092
A,N,2168,2093,2093
A,N,2169,2094,2094
A,N,2170,2095,2095
A,N,2171,2096,2096
A,N,2172,2097,2097
A,N,2173,2098,2098
A,N,2174,2099,2099
A,N,2175,2100,2100
A,N,2176,2101,2101
A,N,2177,2102,2102
A,N,2178,2103,2103
A,N,2179,2104,2104
A,N,2180,2105,2105
A,N,2181,2106,2106
A,N,2182,2107,2107
A,N,2183,2108,2108
A,N,2184,2109,2109
A,N,2185,2110,2110
A,N,2186,2111,2111
A,N,2187,2112,2112
A,N,2188,2113,2113
A,N,2189,2114,2114
A,N,2190,2115,2115
A,N,2191,2116,2116
A,N,2192,2117,2117
A,N,2193,2118,2118
A,N,2194,2119,2119
A,N,2195,2120,2120
A,N,2196,2121,2121
A,N,2197,2122,2122
A,N,2198,2123,2123
A,N,2199,2124,2124
A,N,2200,2125,2125
A,N,2201,2126,2126
A,N,2202,2127,2127
A,N,2203,2128,2128
A,N,2204,2129,2129
A,N,2205,2130,2130
A,N,2206,2131,2131
A,N,2207,2132,2132
A,N,2208,2133,2133
A,N,2209,2134,2134
A,N,2210,2135,2135
A,N,2211,2136,2136
A,N,2212,2137,2137
A,N,2213,2138,2138
A,N,2214,2139,2139
A,N,2215,2140,2140
A,N,2216,2141,2141
A,N,2217,2142,2142
A,N,2218,2143,2143
A,N,2219,2144,2144
A,N,2220,2145,2145
A,N,2221,2146,2146
A,N,2222,2147,2147
A,N,2223,2148,2148
A,N,2224,2149,2149
A,N,2225,2150,2150
A,N,2226,2151,2151
A,N,2227,2152,2152
A,N,2228,2153,2153
A,N,2229,2154,2154
A,N,2230,2155,2155
A,N,2231,2156,2156
A,N,2232,2157,2157
A,N,2233,2158,2158
A,N,2234,2159,2159
A,N,2235,2160,2160
A,N,2236,2161,2161
A,N,2237,2162,2162
A,N,2238,2163,2163
A,N,2239,2164,2164
A,N,2240,2165,2165
A,N,2241,2166,2166
A,N,2242,2167,2167
A,N,2243,2168,2168
A,N,2244,2169,2169
A,N,2245,2170,2170
A,N,2246,2171,2171
A,N,2247,2172,2172
A,N,2248,2173,2173
A,N,2249,2174,2174
A,N,2250,2175,2175
A,N,2251,2176,2176
A,N,2252,2177,2177
A,N,2253,2178,2178
A,N,2254,2179,2179
A,N,2255,2180,2180
A,N,2256,2181,2181
A,N,2257,2182,2182
A,N,2258,2183,2183
A,N,2259,2184,2184
A,N,2260,2185,2185
A,N,2261,2186,2186
A,N,2262,2187,2187
A,N,2263,2188,2188
A,N,2264,2189,2189
A,N,2265,2190,2190
A,N,2266,2191,2191
A,N,2267,2192,2192
A,N,2268,2193,2193
A,N,2269,2194,2194
A,N,2270,2195,2195
A,N,2271,2196,2196
A,N,2272,2197,2197
A,N,2273,2198,2198
A,N,2274,2199,2199
A,N,2275,2200,2200
A,N,2276,2201,2201
A,N,2277,2202,2202
A,N,2278,2203,2203
A,N,2279,2204,2204
A,N,2280,2205,2205
A,N,2281,2206,2206
A,N,2282,2207,2207
A,N,2283,2208,2208
A,N,2284,2209,2209
A,N,2285,2210,2210
A,N,2286,2211,2211
A,N,2287,2212,2212
A,N,2288,2213,2213
A,N,2289,2214,2214
A,N,2290,2215,2215
A,N,2291,2216,2216
A,N,2292,2217,2217
A,N,2293,2218,2218
A,N,2294,2219,2219
A,N,2295,2220,2220
A,N,2296,2221,2221
A,N,2297,2222,2222
A,N,2298,2223,2223
A,N,2299,2224,2224
A,N,2300,2225,2225
A,N,2301,2226,2226
A,N,2302,2227,2227
A,N,2303,2228,2228
A,N,2304,2229,2229
A,N,2305,2230,2230
A,N,2306,2231,2231
A,N,2307,2232,2232
A,N,2308,2233,2233
A,N,2309,2234,2234
A,N,2310,2235,2235
A,N,2311,2236,2236
A,N,2312,2237,2237
A,N,2313,2238,2238
A,N,2314,2239,2239
A,N,2315,2240,2240
A,N,2316,2241,2241
A,N,2317,2242,2242
A,N,2318,2243,2243
A,N,2319,2244,2244
A,N,2320,2245,2245
A,N,2321,2246,2246
A,N,2322,2247,2247
A,N,2323,2248,2248
A,N,2324,2249,2249
A,N,2325,2250,2250
A,N,2326,2251,2251
A,N,2327,2252,2252
A,N,2328,2253,2253
A,N,2329,2254,2254
A,N,2330,2255,2255
A,N,2331,2256,2256
A,N,2332,2257,2257
A,N,2333,2258,2258
A,N,2334,2259,2259
A,N,2335,2260,2260
A,N,2336,2261,2261
A,N,2337,2262,2262
A,N,2338,2263,2263
A,N,2339,2264,2264
A,N,2340,2265,2265
A,N,2341,2266,2266
A,N,2342,2267,2267
A,N,2343,2268,2268
A,N,2344,2269,2269
A,N,2345,2270,2270
A,N,2346,2271,2271
A,N,2347,2272,2272
A,N,2348,2273,2273
A,N,2349,2274,2274
A,N,2350,2275,2275
A,N,2351,2276,2276
A,N,2352,2277,2277
A,N,2353,2278,2278
A,N,2354,2279,2279
A,N,2355,2280,2280
A,N,2356,2281,2281
A,N,2357,2282,2282
A,N,2358,2283,2283
A,N,2359,2284,2284
A,N,2360,2285,2285
A,N,2361,2286,2286
A,N,2362,2287,2287
A,N,2363,2288,2288
A,N,2364,2289,2289
A,N,2365,2290,2290
A,N,2366,2291,2291
A,N,2367,2292,2292
A,N,2368,2293,2293
A,N,2369,2294,2294
A,N,2370,2295,2295
A,N,2371,2296,2296
A,N,2372,2297,2297
A,N,2373,2298,2298
A,N,2374,2299,2299
A,N,2375,2300,2300
A,N,2376,2301,2301
A,N,2377,2302,2302
A,N,2378,2303,2303
A,N,2379,2304,2304
A,N,2380,2305,2305
A,N,2381,2306,2306
A,N,2382,2307,2307
A,N,2383,2308,2308
A,N,2384,2309,2309
A,N,2385,2310,2310
A,N,2386,2311,2311
A,N,2387,2312,2312
A,N,2388,2313,2313
A,N,2389,2314,2314
A,N,2390,2315,2315
A,N,2391,2316,2316
A,N,2392,2317,2317
A,N,2393,2318,2318
A,N,2394,2319,2319
A,N,2395,2320,2320
A,N,2396,2321,2321
A,N,2397,2322,2322
A,N,2398,2323,2323
A,N,2399,2324,2324
A,N,2400,2325,2325
A,N,2401,2326,2326
A,N,2402,2327,2327
A,N,2403,2328,2328
A,N,2404,2329,2329
A,N,2405,2330,2330
A,N,2406,2331,2331
A,N,2407,2332,2332
A,N,2408,2333,2333
A,N,2409,2334,2334
A,N,2410,2335,2335
A,N,2411,2336,2336
A,N,2412,2337,2337
A,N,2413,2338,2338
A,N,2414,2339,2339
A,N,2415,2340,2340
A,N,2416,2341,2341
A,N,2417,2342,2342
A,N,2418,2343,2343
A,N,2419,2344,2344
A,N,2420,2345,2345
A,N,2421,2346,2346
A,N,2422,2347,2347
A,N,2423,2348,2348
A,N,2424,2349,2349
A,N,2425,2350,2350
A,N,2426,2351,2351
A,N,2427,2352,2352
A,N,2428,2353,2353
A,N,2429,2354,2354
A,N,2430,2355,2355
A,N,2431,2356,2356
A,N,2432,2357,2357
A,N,2433,2358,2358
A,N,2434,2359,2359
A,N,2435,2360,2360
A,N,2436,2361,2361
A,N,2437,2362,2362
A,N,2438,2363,2363
A,N,2439,2364,2364
A,N,2440,2365,2365
A,N,2441,2366,2366
A,N,2442,2367,2367
A,N,2443,2368,2368
A,N,2444,2369,2369
A,N,2445,2370,2370
A,N,2446,2371,2371
A,N,2447,2372,2372
A,N,2448,2373,2373
A,N,2449,2374,2374
A,N,2450,2375,2375
A,N,2451,2376,2376
A,N,2452,2377,2377
A,N,2453,2378,2378
A,N,2454,2379,2379
A,N,2455,2380,2380
A,N,2456,2381,2381
A,N,2457,2382,2382
A,N,2458,2383,2383
A,N,2459,2384,2384
A,N,2460,2385,2385
A,N,2461,2386,2386
A,N,2462,2387,2387
A,N,2463,2388,2388
A,N,2464,2389,2389
A,N,2465,2390,2390
A,N,2466,2391,2391
A,N,2467,2392,2392
A,N,2468,2393,2393
A,N,2469,2394,2394
A,N,2470,2395,2395
A,N,2471,2396,2396
A,N,2472,2397,2397
A,N,2473,2398,2398
A,N,2474,2399,2399
A,N,2475,2400,2400
A,N,2476,2401,2401
A,N,2477,2402,2402
A,N,2478,2403,2403
A,N,2479,2404,2404
A,N,2480,2405,2405
A,N,2481,2406,2406
A,N,2482,2407,2407
A,N,2483,2408,2408
A,N,2484,2409,2409
A,N,2485,2410,2410
A,N,2486,2411,2411
A,N,2487,2412,2412
A,N,2488,2413,2413
A,N,2489,2414,2414
A,N,2490,2415,2415
A,N,2491,2416,2416
A,N,2492,2417,2417
A,N,2493,2418,2418
A,N,2494,2419,2419
A,N,2495,2420,2420
A,N,2496,2421,2421
A,N,2497,2422,2422
A,N,2498,2423,2423
A,N,2499,2424,2424
A,N,2500,2425,2425
A,N,2501,2426,2426
A,N,2502,2427,2427
A,N,2503,2428,2428
A,N,2504,2429,2429
A,N,2505,2430,2430
A,N,2506,2431,2431
A,N,2507,2432,2432
A,N,2508,2433,2433
A,N,2509,2434,2434
A,N,2510,2435,2435
A,N,2511,2436,2436
A,N,2512,2437,2437
A,N,2513,2438,2438
A,N,2514,2439,2439
A,N,2515,2440,2440
A,N,2516,2441,2441
A,N,2517,2442,2442
A,N,2518,2443,2443
A,N,2519,2444,2444
A,N,2520,2445,2445
A,N,2521,2446,2446
A,N,2522,2447,2447
A,N,2523,2448,2448
A,N,2524,2449,2449
A,N,2525,2450,2450
A,N,2526,2451,2451
A,N,2527,2452,2452
A,N,2528,2453,2453
A,N,2529,2454,2454
A,N,2530,2455,2455
A,N,2531,2456,2456
A,N,2532,2457,2457
A,N,2533,2458,2458
A,N,2534,2459,2459
A,N,2535,2460,2460
A,N,2536,2461,2461
A,N,2537,2462,2462
A,N,2538,2463,2463
A,N,2539,2464,2464
A,N,2540,2465,2465
A,N,2541,2466,2466
A,N,2542,2467,2467
A,N,2543,2468,2468
A,N,2544,2469,2469
A,N,2545,2470,2470
A,N,2546,2471,2471
A,N,2547,2472,2472
A,N,2548,2473,2473
A,N,2549,2474,2474
A,N,2550,2475,2475
A,N,2551,2476,2476
A,N,2552,2477,2477
A,N,2553,2478,2478
A,N,2554,2479,2479
A,N,2555,2480,2480
A,N,2556,2481,2481
A,N,2557,2482,2482
A,N,2558,2483,2483
A,N,2559,2484,2484
A,N,2560,2485,2485
A,N,2561,2486,2486
A,N,2562,2487,2487
A,N,2563,2488,2488
A,N,2564,2489,2489
A,N,2565,2490,2490
A,N,2566,2491,2491
A,N,2567,2492,2492
A,N,2568,2493,2493
A,N,2569,2494,2494
A,N,2570,2495,2495
A,N,2571,2496,2496
A,N,2572,2497,2497
A,N,2573,2498,2498
A,N,2574,2499,2499
A,N,2575,2500,2500
A,N,2576,2501,2501
A,N,2577,2502,2502
A,N,2578,2503,2503
A,N,2579,2504,2504
A,N,2580,2505,2505
A,N,2581,2506,2506
A,N,2582,2507,2507
A,N,2583,2508,2508
A,N,2584,2509,2509
A,N,2585,2510,2510
A,N,2586,2511,2511
A,N,2587,2512,2512
A,N,2588,2513,2513
A,N,2589,2514,2514
A,N,2590,2515,2515
A,N,2591,2516,2516
A,N,2592,2517,2517
A,N,2593,2518,2518
A,N,2594,2519,2519
A,N,2595,2520,2520
A,N,2596,2521,2521
A,N,2597,2522,2522
A,N,2598,2523,2523
A,N,2599,2524,2524
A,N,2600,2525,2525
A,N,2601,2526,2526
A,N,2602,2527,2527
A,N,2603,2528,2528
A,N,2604,2529,2529
A,N,2605,2530,2530
A,N,2606,2531,2531
A,N,2607,2532,2532
A,N,2608,2533,2533
A,N,2609,2534,2534
A,N,2610,2535,2535
A,N,2611,2536,2536
A,N,2612,2537,2537
A,N,2613,2538,2538
A,N,2614,2539,2539
A,N,2615,2540,2540
A,N,2616,2541,2541
A,N,2617,2542,2542
A,N,2618,2543,2543
A,N,2619,2544,2544
A,N,2620,2545,2545
A,N,2621,2546,2546
A,N,2622,2547,2547
A,N,2623,2548,2548
A,N,2624,2549,2549
A,N,2625,2550,2550
A,N,2626,2551,2551
A,N,2627,2552,2552
A,N,2628,2553,2553
A,N,2629,2554,2554
A,N,2630,2555,2555
A,N,2631,2556,2556
A,N,2632,2557,2557
A,N,2633,2558,2558
A,N,2634,2559,2559
A,N,2635,2560,2560
A,N,2636,2561,2561
A,N,2637,2562,2562
A,N,2638,2563,2563
A,N,2639,2564,2564
A,N,2640,2565,2565
A,N,2641,2566,2566
A,N,2642,2567,2567
A,N,2643,2568,2568
A,N,2644,2569,2569
A,N,2645,2570,2570
A,N,2646,2571,2571
A,N,2647,2572,2572
A,N,2648,2573,2573
A,N,2649,2574,2574
A,N,2650,2575,2575
A,N,2651,2576,2576
A,N,2652,2577,2577
A,N,2653,2578,2578
A,N,2654,2579,2579
A,N,2655,2580,2580
A,N,2656,2581,2581
A,N,2657,2582,2582
A,N,2658,2583,2583
A,N,2659,2584,2584
A,N,2660,2585,2585
A,N,2661,2586,2586
A,N,2662,2587,2587
A,N,2663,2588,2588
A,N,2664,2589,2589
A,N,2665,2590,2590
A,N,2666,2591,2591
A,N,2667,2592,2592
A,N,2668,2593,2593
A,N,2669,2594,2594
A,N,2670,2595,2595
A,N,2671,2596,2596
A,N,2672,2597,2597
A,N,2673,2598,2598
A,N,2674,2599,2599
A,N,2675,2600,2600
A,N,2676,2601,2601
A,N,2677,2602,2602
A,N,2678,2603,2603
A,N,2679,2604,2604
A,N,2680,2605,2605
A,N,2681,2606,2606
A,N,2682,2607,2607
A,N,2683,2608,2608
A,N,2684,2609,2609
A,N,2685,2610,2610
A,N,2686,2611,2611
A,N,2687,2612,2612
A,N,2688,2613,2613
A,N,2689,2614,2614
A,N,2690,2615,2615
A,N,2691,2616,2616
A,N,2692,2617,2617
A,N,2693,2618,2618
A,N,2694,2619,2619
A,N,2695,2620,2620
A,N,2696,2621,2621
A,N,2697,2622,2622
A,N,2698,2623,2623
A,N,2699,2624,2624
A,N,2700,2625,2625
A,N,2701,2626,2626
A,N,2702,2627,2627
A,N,2703,2628,2628
A,N,2704,2629,2629
A,N,2705,2630,2630
A,N,2706,2631,2631
A,N,2707,2632,2632
A,N,2708,2633,2633
A,N,2709,2634,2634
A,N,2710,2635,2635
A,N,2711,2636,2636
A,N,2712,2637,2637
A,N,2713,2638,2638
A,N,2714,2639,2639
A,N,2715,2640,2640
A,N,2716,2641,2641
A,N,2717,2642,2642
A,N,2718,2643,2643
A,N,2719,2644,2644
A,N,2720,2645,2645
A,N,2721,2646,2646
A,N,2722,2647,2647
A,N,2723,2648,2648
A,N,2724,2649,2649
A,N,2725,2650,2650
A,N,2726,2651,2651
A,N,2727,2652,2652
A,N,2728,2653,2653
A,N,2729,2654,2654
A,N,2730,2655,2655
A,N,2731,2656,2656
A,N,2732,2657,2657
A,N,2733,2658,2658
A,N,2734,2659,2659
A,N,2735,2660,2660
A,N,2736,2661,2661
A,N,2737,2662,2662
A,N,2738,2663,2663
A,N,2739,2664,2664
A,N,2740,2665,2665
A,N,2741,2666,2666
A,N,2742,2667,2667
A,N,2743,2668,2668
A,N,2744,2669,2669
A,N,2745,2670,2670
A,N,2746,2671,2671
A,N,2747,2672,2672
A,N,2748,2673,2673
A,N,2749,2674,2674
A,N,2750,2675,2675
A,N,2751,2676,2676
A,N,2752,2677,2677
A,N,2753,2678,2678
A,N,2754,2679,2679
A,N,2755,2680,2680
A,N,2756,2681,2681
A,N,2757,2682,2682
A,N,2758,2683,2683
A,N,2759,2684,2684
A,N,2760,2685,2685
A,N,2761,2686,2686
A,N,2762,2687,2687
A,N,2763,2688,2688
A,N,2764,2689,2689
A,N,2765,2690,2690
A,N,2766,2691,2691
A,N,2767,2692,2692
A,N,2768,2693,2693
A,N,2769,2694,2694
A,N,2770,2695,2695
A,N,2771,2696,2696
A,N,2772,2697,2697
A,N,2773,2698,2698
A,N,2774,2699,2699
A,N,2775,2700,2700
A,N,2776,2701,2701
A,N,2777,2702,2702
A,N,2778,2703,2703
A,N,2779,2704,2704
A,N,2780,2705,2705
A,N,2781,2706,2706
A,N,2782,2707,2707
A,N,2783,2708,2708
A,N,2784,2709,2709
A,N,2785,2710,2710
A,N,2786,2711,2711
A,N,2787,2712,2712
A,N,2788,2713,2713
A,N,2789,2714,2714
A,N,2790,2715,2715
A,N,2791,2716,2716
A,N,2792,2717,2717
A,N,2793,2718,2718
A,N,2794,2719,2719
A,N,2795,2720,2720
A,N,2796,2721,2721
A,N,2797,2722,2722
A,N,2798,2723,2723
A,N,2799,2724,2724
A,N,2800,2725,2725
A,N,2801,2726,2726
A,N,2802,2727,2727
A,N,2803,2728,2728
A,N,2804,2729,2729
A,N,2805,2730,2730
A,N,2806,2731,2731
A,N,2807,2732,2732
A,N,2808,2733,2733
A,N,2809,2734,2734
A,N,2810,2735,2735
A,N,2811,2736,2736
A,N,2812,2737,2737
A,N,2813,2738,2738
A,N,2814,2739,2739
A,N,2815,2740,2740
A,N,2816,2741,2741
A,N,2817,2742,2742
A,N,2818,2743,2743
A,N,2819,2744,2744
A,N,2820,2745,2745
A,N,2821,2746,2746
A,N,2822,2747,2747
A,N,2823,2748,2748
A,N,2824,2749,2749
A,N,2825,2750,2750
A,N,2826,2751,2751
A,N,2827,2752,2752
A,N,2828,2753,2753
A,N,2829,2754,2754
A,N,2830,2755,2755
A,N,2831,2756,2756
A,N,2832,2757,2757
A,N,2833,2758,2758
A,N,2834,2759,2759
A,N,2835,2760,2760
A,N,2836,2761,2761
A,N,2837,2762,2762
A,N,2838,2763,2763
A,N,2839,2764,2764
A,N,2840,2765,2765
A,N,2841,2766,2766
A,N,2842,2767,2767
A,N,2843,2768,2768
A,N,2844,2769,2769
A,N,2845,2770,2770
A,N,2846,2771,2771
A,N,2847,2772,2772
A,N,2848,2773,2773
A,N,2849,2774,2774
A,N,2850,2775,2775
A,N,2851,2776,2776
A,N,2852,2777,2777
A,N,2853,2778,2778
A,N,2854,2779,2779
A,N,2855,2780,2780
A,N,2856,2781,2781
A,N,2857,2782,2782
A,N,2858,2783,2783
A,N,2859,2784,2784
A,N,2860,2785,2785
A,N,2861,2786,2786
A,N,2862,2787,2787
A,N,2863,2788,2788
A,N,2864,2789,2789
A,N,2865,2790,2790
A,N,2866,2791,2791
A,N,2867,2792,2792
A,N,2868,2793,2793
A,N,2869,2794,2794
A,N,2870,2795,2795
A,N,2871,2796,2796
A,N,2872,2797,2797
A,N,2873,2798,2798
A,N,2874,2799,2799
A,N,2875,2800,2800
A,N,2876,2801,2801
A,N,2877,2802,2802
A,N,2878,2803,2803
A,N,2879,2804,2804
A,N,2880,2805,2805
A,N,2881,2806,2806
A,N,2882,2807,2807
A,N,2883,2808,2808
A,N,2884,2809,2809
A,N,2885,2810,2810
A,N,2886,2811,2811
A,N,2887,2812,2812
A,N,2888,2813,2813
A,N,2889,2814,2814
A,N,2890,2815,2815
A,N,2891,2816,2816
A,N,2892,2817,2817
A,N,2893,2818,2818
A,N,2894,2819,2819
A,N,2895,2820,2820
A,N,2896,2821,2821
A,N,2897,2822,2822
A,N,2898,2823,2823
A,N,2899,2824,2824
A,N,2900,2825,2825
A,N,2901,2826,2826
A,N,2902,2827,2827
A,N,2903,2828,2828
A,N,2904,2829,2829
A,N,2905,2830,2830
A,N,2906,2831,2831
A,N,2907,2832,2832
A,N,2908,2833,2833
A,N,2909,2834,2834
A,N,2910,2835,2835
A,N,2911,2836,2836
A,N,2912,2837,2837
A,N,2913,2838,2838
A,N,2914,2839,2839
A,N,2915,2840,2840
A,N,2916,2841,2841
A,N,2917,2842,2842
A,N,2918,2843,2843
A,N,2919,2844,2844
A,N,2920,2845,2845
A,N,2921,2846,2846
A,N,2922,2847,2847
A,N,2923,2848,2848
A,N,2924,2849,2849
A,N,2925,2850,2850
A,N,2926,2851,2851
A,N,2927,2852,2852
A,N,2928,2853,2853
A,N,2929,2854,2854
A,N,2930,2855,2855
A,N,2931,2856,2856
A,N,2932,2857,2857
A,N,2933,2858,2858
A,N,2934,2859,2859
A,N,2935,2860,2860
A,N,2936,2861,2861
A,N,2937,2862,2862
A,N,2938,2863,2863
A,N,2939,2864,2864
A,N,2940,2865,2865
A,N,2941,2866,2866
A,N,2942,2867,2867
A,N,2943,2868,2868
A,N,2944,2869,2869
A,N,2945,2870,2870
A,N,2946,2871,2871
A,N,2947,2872,2872
A,N,2948,2873,2873
A,N,2949,2874,2874
A,N,2950,2875,2875
A,N,2951,2876,2876
A,N,2952,2877,2877
A,N,2953,2878,2878
A,N,2954,2879,2879
A,N,2955,2880,2880
A,N,2956,2881,2881
A,N,2957,2882,2882
A,N,2958,2883,2883
A,N,2959,2884,2884
A,N,2960,2885,2885
A,N,2961,2886,2886
A,N,2962,2887,2887
A,N,2963,2888,2888
A,N,2964,2889,2889
A,N,2965,2890,2890
A,N,2966,2891,2891
A,N,2967,2892,2892
A,N,2968,2893,2893
A,N,2969,2894,2894
A,N,2970,2895,2895
A,N,2971,2896,2896
A,N,2972,2897,2897
A,N,2973,2898,2898
A,N,2974,2899,2899
A,N,2975,2900,2900
A,N,2976,2901,2901
A,N,2977,2902,2902
A,N,2978,2903,2903
A,N,2979,2904,2904
A,N,2980,2905,2905
A,N,2981,2906,2906
A,N,2982,2907,2907
A,N,2983,2908,2908
A,N,2984,2909,2909
A,N,2985,2910,2910
A,N,2986,2911,2911
A,N,2987,2912,2912
A,N,2988,2913,2913
A,N,2989,2914,2914
A,N,2990,2915,2915
A,N,2991,2916,2916
A,N,2992,2917,2917
A,N,2993,2918,2918
A,N,2994,2919,2919
A,N,2995,2920,2920
A,N,2996,2921,2921
A,N,2997,2922,2922
A,N,2998,2923,2923
A,N,2999,2924,2924
A,N,3000,2925,2925
A,N,3001,2926,2926
A,N,3002,2927,2927
A,N,3003,2928,2928
A,N,3004,2929,2929
A,N,3005,2930,2930
A,N,3006,2931,2931
A,N,3007,2932,2932
A,N,3008,2933,2933
A,N,3009,2934,2934
A,N,3010,2935,2935
A,N,3011,2936,2936
A,N,3012,2937,2937
A,N,3013,2938,2938
A,N,3014,2939,2939
A,N,3015,2940,2940
A,N,3016,2941,2941
A,N,3017,2942,2942
A,N,3018,2943,2943
A,N,3019,2944,2944
A,N,3020,2945,2945
A,N,3021,2946,2946
A,N,3022,2947,2947
A,N,3023,2948,2948
A,N,3024,2949,2949
A,N,3025,2950,2950
A,N,3026,2951,2951
A,N,3027,2952,2952
A,N,3028,2953,2953
A,N,3029,2954,2954
A,N,3030,2955,2955
A,N,3031,2956,2956
A,N,3032,2957,2957
A,N,3033,2958,2958
A,N,3034,2959,2959
A,N,3035,2960,2960
A,N,3036,2961,2961
A,N,3037,2962,2962
A,N,3038,2963,2963
A,N,3039,2964,2964
A,N,3040,2965,2965
A,N,3041,2966,2966
A,N,3042,2967,2967
A,N,3043,2968,2968
A,N,3044,2969,2969
A,N,3045,2970,2970
A,N,3046,2971,2971
A,N,3047,2972,2972
A,N,3048,2973,2973
A,N,3049,2974,2974
A,N,3050,2975,2975
A,N,3051,2976,2976
A,N,3052,2977,2977
A,N,3053,2978,2978
A,N,3054,2979,2979
A,N,3055,2980,2980
A,N,3056,2981,2981
A,N,3057,2982,2982
A,N,3058,2983,2983
A,N,3059,2984,2984
A,N,3060,2985,2985
A,N,3061,2986,2986
A,N,3062,2987,2987
A,N,3063,2988,2988
A,N,3064,2989,2989
A,N,3065,2990,2990
A,N,3066,2991,2991
A,N,3067,2992,2992
A,N,3068,2993,2993
A,N,3069,2994,2994
A,N,3070,2995,2995
A,N,3071,2996,2996
A,N,3072,2997,2997
A,N,3073,2998,2998
A,N,3074,2999,2999
A,N,3075,3000,3000
A,N,3076,3001,3001
A,N,3077,3002,3002
A,N,3078,3003,3003
A,N,3079,3004,3004
A,N,3080,3005,3005
A,N,3081,3006,3006
A,N,3082,3007,3007
A,N,3083,3008,3008
A,N,3084,3009,3009
A,N,3085,3010,3010
A,N,3086,3011,3011
A,N,3087,3012,3012
A,N,3088,3013,3013
A,N,3089,3014,3014
A,N,3090,3015,3015
A,N,3091,3016,3016
A,N,3092,3017,3017
A,N,3093,3018,3018
A,N,3094,3019,3019
A,N,3095,3020,3020
A,N,3096,3021,3021
A,N,3097,3022,3022
A,N,3098,3023,3023
A,N,3099,3024,3024
A,N,3100,3025,3025
A,N,3101,3026,3026
A,N,3102,3027,3027
A,N,3103,3028,3028
A,N,3104,3029,3029
A,N,3105,3030,3030
A,N,3106,3031,3031
A,N,3107,3032,3032
A,N,3108,3033,3033
A,N,3109,3034,3034
A,N,3110,3035,3035
A,N,3111,3036,3036
A,N,3112,3037,3037
A,N,3113,3038,3038
A,N,3114,3039,3039
A,N,3115,3040,3040
A,N,3116,3041,3041
A,N,3117,3042,3042
A,N,3118,3043,3043
A,N,3119,3044,3044
A,N,3120,3045,3045
A,N,3121,3046,3046
A,N,3122,3047,3047
A,N,3123,3048,3048
A,N,3124,3049,3049
A,N,3125,3050,3050
A,N,3126,3051,3051
A,N,3127,3052,3052
A,N,3128,3053,3053
A,N,3129,3054,3054
A,N,3130,3055,3055
A,N,3131,3056,3056
A,N,3132,3057,3057
A,N,3133,3058,3058
A,N,3134,3059,3059
A,N,3135,3060,3060
A,N,3136,3061,3061
A,N,3137,3062,3062
A,N,3138,3063,3063
A,N,3139,3064,3064
A,N,3140,3065,3065
A,N,3141,3066,3066
A,N,3142,3067,3067
A,N,3143,3068,3068
A,N,3144,3069,3069
A,N,3145,3070,3070
A,N,3146,3071,3071
A,N,3147,3072,3072
A,N,3148,3073,3073
A,N,3149,3074,3074
A,N,3150,3075,3075
A,N,3151,3076,3076
A,N,3152,3077,3077
A,N,3153,3078,3078
A,N,3154,3079,3079
A,N,3155,3080,3080
A,N,3156,3081,3081
A,N,3157,3082,3082
A,N,3158,3083,3083
A,N,3159,3084,3084
A,N,3160,3085,3085
A,N,3161,3086,3086
A,N,3162,3087,3087
A,N,3163,3088,3088
A,N,3164,3089,3089
A,N,3165,3090,3090
A,N,3166,3091,3091
A,N,3167,3092,3092
A,N,3168,3093,3093
A,N,3169,3094,3094
A,N,3170,3095,3095
A,N,3171,3096,3096
A,N,3172,3097,3097
A,N,3173,3098,3098
A,N,3174,3099,3099
A,N,3175,3100,3100
A,N,3176,3101,3101
A,N,3177,3102,3102
A,N,3178,3103,3103
A,N,3179,3104,3104
A,N,3180,3105,3105
A,N,3181,3106,3106
A,N,3182,3107,3107
A,N,3183,3108,3108
A,N,3184,3109,3109
A,N,3185,3110,3110
A,N,3186,3111,3111
A,N,3187,3112,3112
A,N,3188,3113,3113
A,N,3189,3114,3114
A,N,3190,3115,3115
A,N,3191,3116,3116
A,N,3192,3117,3117
A,N,3193,3118,3118
A,N,3194,3119,3119
A,N,3195,3120,3120
A,N,3196,3121,3121
A,N,3197,3122,3122
A,N,3198,3123,3123
A,N,3199,3124,3124
A,N,3200,3125,3125
A,N,3201,3126,3126
A,N,3202,3127,3127
A,N,3203,3128,3128
A,N,3204,3129,3129
A,N,3205,3130,3130
A,N,3206,3131,3131
A,N,3207,3132,3132
A,N,3208,3133,3133
A,N,3209,3134,3134
A,N,3210,3135,3135
A,N,3211,3136,3136
A,N,3212,3137,3137
A,N,3213,3138,3138
A,N,3214,3139,3139
A,N,3215,3140,3140
A,N,3216,3141,3141
A,N,3217,3142,3142
A,N,3218,3143,3143
A,N,3219,3144,3144
A,N,3220,3145,3145
A,N,3221,3146,3146
A,N,3222,3147,3147
A,N,3223,3148,3148
A,N,3224,3149,3149
A,N,3225,3150,3150
A,N,3226,3151,3151
A,N,3227,3152,3152
A,N,3228,3153,3153
A,N,3229,3154,3154
A,N,3230,3155,3155
A,N,3231,3156,3156
A,N,3232,3157,3157
A,N,3233,3158,3158
A,N,3234,3159,3159
A,N,3235,3160,3160
A,N,3236,3161,3161
A,N,3237,3162,3162
A,N,3238,3163,3163
A,N,3239,3164,3164
A,N,3240,3165,3165
A,N,3241,3166,3166
A,N,3242,3167,3167
A,N,3243,3168,3168
A,N,3244,3169,3169
A,N,3245,3170,3170
A,N,3246,3171,3171
A,N,3247,3172,3172
A,N,3248,3173,3173
A,N,3249,3174,3174
A,N,3250,3175,3175
A,N,3251,3176,3176
A,N,3252,3177,3177
A,N,3253,3178,3178
A,N,3254,3179,3179
A,N,3255,3180,3180
A,N,3256,3181,3181
A,N,3257,3182,3182
A,N,3258,3183,3183
A,N,3259,3184,3184
A,N,3260,3185,3185
A,N,3261,3186,3186
A,N,3262,3187,3187
A,N,3263,3188,3188
A,N,3264,3189,3189
A,N,3265,3190,3190
A,N,3266,3191,3191
A,N,3267,3192,3192
A,N,3268,3193,3193
A,N,3269,3194,3194
A,N,3270,3195,3195
A,N,3271,3196,3196
A,N,3272,3197,3197
A,N,3273,3198,3198
A,N,3274,3199,3199
A,N,3275,3200,3200
A,N,3276,3201,3201
A,N,3277,3202,3202
A,N,3278,3203,3203
A,N,3279,3204,3204
A,N,3280,3205,3205
A,N,3281,3206,3206
A,N,3282,3207,3207
A,N,3283,3208,3208
A,N,3284,3209,3209
A,N,3285,3210,3210
A,N,3286,3211,3211
A,N,3287,3212,3212
A,N,3288,3213,3213
A,N,3289,3214,3214
A,N,3290,3215,3215
A,N,3291,3216,3216
A,N,3292,3217,3217
A,N,3293,3218,3218
A,N,3294,3219,3219
A,N,3295,3220,3220
A,N,3296,3221,3221
A,N,3297,3222,3222
A,N,3298,3223,3223
A,N,3299,3224,3224
A,N,3300,3225,3225
A,N,3301,3226,3226
A,N,3302,3227,3227
A,N,3303,3228,3228
A,N,3304,3229,3229
A,N,3305,3230,3230
A,N,3306,3231,3231
A,N,3307,3232,3232
A,N,3308,3233,3233
A,N,3309,3234,3234
A,N,3310,3235,3235
A,N,3311,3236,3236
A,N,3312,3237,3237
A,N,3313,3238,3238
A,N,3314,3239,3239
A,N,3315,3240,3240
A,N,3316,3241,3241
A,N,3317,3242,3242
A,N,3318,3243,3243
A,N,3319,3244,3244
A,N,3320,3245,3245
A,N,3321,3246,3246
A,N,3322,3247,3247
A,N,3323,3248,3248
A,N,3324,3249,3249
A,N,3325,3250,3250
A,N,3326,3251,3251
A,N,3327,3252,3252
A,N,3328,3253,3253
A,N,3329,3254,3254
A,N,3330,3255,3255
A,N,3331,3256,3256
A,N,3332,3257,3257
A,N,3333,3258,3258
A,N,3334,3259,3259
A,N,3335,3260,3260
A,N,3336,3261,3261
A,N,3337,3262,3262
A,N,3338,3263,3263
A,N,3339,3264,3264
A,N,3340,3265,3265
A,N,3341,3266,3266
A,N,3342,3267,3267
A,N,3343,3268,3268
A,N,3344,3269,3269
A,N,3345,3270,3270
A,N,3346,3271,3271
A,N,3347,3272,3272
A,N,3348,3273,3273
A,N,3349,3274,3274
A,N,3350,3275,3275
A,N,3351,3276,3276
A,N,3352,3277,3277
A,N,3353,3278,3278
A,N,3354,3279,3279
A,N,3355,3280,3280
A,N,3356,3281,3281
A,N,3357,3282,3282
A,N,3358,3283,3283
A,N,3359,3284,3284
A,N,3360,3285,3285
A,N,3361,3286,3286
A,N,3362,3287,3287
A,N,3363,3288,3288
A,N,3364,3289,3289
A,N,3365,3290,3290
A,N,3366,3291,3291
A,N,3367,3292,3292
A,N,3368,3293,3293
A,N,3369,3294,3294
A,N,3370,3295,3295
A,N,3371,3296,3296
A,N,3372,3297,3297
A,N,3373,3298,3298
A,N,3374,3299,3299
A,N,3375,3300,3300
A,N,3376,3301,3301
A,N,3377,3302,3302
A,N,3378,3303,3303
A,N,3379,3304,3304
A,N,3380,3305,3305
A,N,3381,3306,3306
A,N,3382,3307,3307
A,N,3383,3308,3308
A,N,3384,3309,3309
A,N,3385,3310,3310
A,N,3386,3311,3311
A,N,3387,3312,3312
A,N,3388,3313,3313
A,N,3389,3314,3314
A,N,3390,3315,3315
A,N,3391,3316,3316
A,N,3392,3317,3317
A,N,3393,3318,3318
A,N,3394,3319,3319
A,N,3395,3320,3320
A,N,3396,3321,3321
A,N,3397,3322,3322
A,N,3398,3323,3323
A,N,3399,3324,3324
A,N,3400,3325,3325
A,N,3401,3326,3326
A,N,3402,3327,3327
A,N,3403,3328,3328
A,N,3404,3329,3329
A,N,3405,3330,3330
A,N,3406,3331,3331
A,N,3407,3332,3332
A,N,3408,3333,3333
A,N,3409,3334,3334
A,N,3410,3335,3335
A,N,3411,3336,3336
A,N,3412,3337,3337
A,N,3413,3338,3338
A,N,3414,3339,3339
A,N,3415,3340,3340
A,N,3416,3341,3341
A,N,3417,3342,3342
A,N,3418,3343,3343
A,N,3419,3344,3344
A,N,3420,3345,3345
A,N,3421,3346,3346
A,N,3422,3347,3347
A,N,3423,3348,3348
A,N,3424,3349,3349
A,N,3425,3350,3350
A,N,3426,3351,3351
A,N,3427,3352,3352
A,N,3428,3353,3353
A,N,3429,3354,3354
A,N,3430,3355,3355
A,N,3431,3356,3356
A,N,3432,3357,3357
A,N,3433,3358,3358
A,N,3434,3359,3359
A,N,3435,3360,3360
A,N,3436,3361,3361
A,N,3437,3362,3362
A,N,3438,3363,3363
A,N,3439,3364,3364
A,N,3440,3365,3365
A,N,3441,3366,3366
A,N,3442,3367,3367
A,N,3443,3368,3368
A,N,3444,3369,3369
A,N,3445,3370,3370
A,N,3446,3371,3371
A,N,3447,3372,3372
A,N,3448,3373,3373
A,N,3449,3374,3374
A,N,3450,3375,3375
A,N,3451,3376,3376
A,N,3452,3377,3377
A,N,3453,3378,3378
A,N,3454,3379,3379
A,N,3455,3380,3380
A,N,3456,3381,3381
A,N,3457,3382,3382
A,N,3458,3383,3383
A,N,3459,3384,3384
A,N,3460,3385,3385
A,N,3461,3386,3386
A,N,3462,3387,3387
A,N,3463,3388,3388
A,N,3464,3389,3389
A,N,3465,3390,3390
A,N,3466,3391,3391
A,N,3467,3392,3392
A,N,3468,3393,3393
A,N,3469,3394,3394
A,N,3470,3395,3395
A,N,3471,3396,3396
A,N,3472,3397,3397
A,N,3473,3398,3398
A,N,3474,3399,3399
A,N,3475,3400,3400
A,N,3476,3401,3401
A,N,3477,3402,3402
A,N,3478,3403,3403
A,N,3479,3404,3404
A,N,3480,3405,3405
A,N,3481,3406,3406
A,N,3482,3407,3407
A,N,3483,3408,3408
A,N,3484,3409,3409
A,N,3485,3410,3410
A,N,3486,3411,3411
A,N,3487,3412,3412
A,N,3488,3413,3413
A,N,3489,3414,3414
A,N,3490,3415,3415
A,N,3491,3416,3416
A,N,3492,3417,3417
A,N,3493,3418,3418
A,N,3494,3419,3419
A,N,3495,3420,3420
A,N,3496,3421,3421
A,N,3497,3422,3422
A,N,3498,3423,3423
A,N,3499,3424,3424
A,N,3500,3425,3425
A,N,3501,3426,3426
A,N,3502,3427,3427
A,N,3503,3428,3428
A,N,3504,3429,3429
A,N,3505,3430,3430
A,N,3506,3431,3431
A,N,3507,3432,3432
A,N,3508,3433,3433
A,N,3509,3434,3434
A,N,3510,3435,3435
A,N,3511,3436,3436
A,N,3512,3437,3437
A,N,3513,3438,3438
A,N,3514,3439,3439
A,N,3515,3440,3440
A,N,3516,3441,3441
A,N,3517,3442,3442
A,N,3518,3443,3443
A,N,3519,3444,3444
A,N,3520,3445,3445
A,N,3521,3446,3446
A,N,3522,3447,3447
A,N,3523,3448,3448
A,N,3524,3449,3449
A,N,3525,3450,3450
A,N,3526,3451,3451
A,N,3527,3452,3452
A,N,3528,3453,3453
A,N,3529,3454,3454
A,N,3530,3455,3455
A,N,3531,3456,3456
A,N,3532,3457,3457
A,N,3533,3458,3458
A,N,3534,3459,3459
A,N,3535,3460,3460
A,N,3536,3461,3461
A,N,3537,3462,3462
A,N,3538,3463,3463
A,N,3539,3464,3464
A,N,3540,3465,3465
A,N,3541,3466,3466
A,N,3542,3467,3467
A,N,3543,3468,3468
A,N,3544,3469,3469
A,N,3545,3470,3470
A,N,3546,3471,3471
A,N,3547,3472,3472
A,N,3548,3473,3473
A,N,3549,3474,3474
A,N,3550,3475,3475
A,N,3551,3476,3476
A,N,3552,3477,3477
A,N,3553,3478,3478
A,N,3554,3479,3479
A,N,3555,3480,3480
A,N,3556,3481,3481
A,N,3557,3482,3482
A,N,3558,3483,3483
A,N,3559,3484,3484
A,N,3560,3485,3485
A,N,3561,3486,3486
A,N,3562,3487,3487
A,N,3563,3488,3488
A,N,3564,3489,3489
A,N,3565,3490,3490
A,N,3566,3491,3491
A,N,3567,3492,3492
A,N,3568,3493,3493
A,N,3569,3494,3494
A,N,3570,3495,3495
A,N,3571,3496,3496
A,N,3572,3497,3497
A,N,3573,3498,3498
A,N,3574,3499,3499
A,N,3575,3500,3500
A,N,3576,3501,3501
A,N,3577,3502,3502
A,N,3578,3503,3503
A,N,3579,3504,3504
A,N,3580,3505,3505
A,N,3581,3506,3506
A,N,3582,3507,3507
A,N,3583,3508,3508
A,N,3584,3509,3509
A,N,3585,3510,3510
A,N,3586,3511,3511
A,N,3587,3512,3512
A,N,3588,3513,3513
A,N,3589,3514,3514
A,N,3590,3515,3515
A,N,3591,3516,3516
A,N,3592,3517,3517
A,N,3593,3518,3518
A,N,3594,3519,3519
A,N,3595,3520,3520
A,N,3596,3521,3521
A,N,3597,3522,3522
A,N,3598,3523,3523
A,N,3599,3524,3524
A,N,3600,3525,3525
A,N,3601,3526,3526
A,N,3602,3527,3527
A,N,3603,3528,3528
A,N,3604,3529,3529
A,N,3605,3530,3530
A,N,3606,3531,3531
A,N,3607,3532,3532
A,N,3608,3533,3533
A,N,3609,3534,3534
A,N,3610,3535,3535
A,N,3611,3536,3536
A,N,3612,3537,3537
A,N,3613,3538,3538
A,N,3614,3539,3539
A,N,3615,3540,3540
A,N,3616,3541,3541
A,N,3617,3542,3542
A,N,3618,3543,3543
A,N,3619,3544,3544
A,N,3620,3545,3545
A,N,3621,3546,3546
A,N,3622,3547,3547
A,N,3623,3548,3548
A,N,3624,3549,3549
A,N,3625,3550,3550
A,N,3626,3551,3551
A,N,3627,3552,3552
A,N,3628,3553,3553
A,N,3629,3554,3554
A,N,3630,3555,3555
A,N,3631,3556,3556
A,N,3632,3557,3557
A,N,3633,3558,3558
A,N,3634,3559,3559
A,N,3635,3560,3560
A,N,3636,3561,3561
A,N,3637,3562,3562
A,N,3638,3563,3563
A,N,3639,3564,3564
A,N,3640,3565,3565
A,N,3641,3566,3566
A,N,3642,3567,3567
A,N,3643,3568,3568
A,N,3644,3569,3569
A,N,3645,3570,3570
A,N,3646,3571,3571
A,N,3647,3572,3572
A,N,3660,3573,3573
A,N,3661,3574,3574
A,N,3663,3575,3575
A,N,3662,3576,3576
A,N,3665,3577,3577
A,N,3666,3578,3578
A,N,3667,3579,3579
A,N,3668,3580,3580
A,N,3669,3581,3581
A,N,3670,3582,3582
A,N,3671,3583,3583
A,N,3672,3584,3584
A,N,3673,3585,3585
A,N,3674,3586,3586
A,N,3675,3587,3587
A,N,3676,3588,3588
A,N,3677,3589,3589
A,N,3678,3590,3590
A,N,3679,3591,3591
A,N,3680,3592,3592
A,N,3681,3593,3593